message_id,user_id,event,timestamp,_loaded_at
fedbd01c-d8cf-4d87-823e-290a73326a2a,usr_hsct00078,Page Viewed,2026-01-01T10:00:00Z,2026-04-13T15:55:22Z
6e747887-9cb4-45a2-8998-c2910b88d271,usr_hsct00093,Pricing Visited,2026-01-01T10:00:00Z,2026-04-13T15:55:22Z
6d47f1cd-dd1f-4348-a1e2-e10e8e36d752,usr_hsct00052,Pricing Visited,2026-01-01T10:00:00Z,2026-04-13T15:55:22Z
cfcbbcd5-388c-44c6-9402-0a8a95fa05cd,usr_hsct00092,Page Viewed,2026-01-01T10:00:00Z,2026-04-13T15:55:22Z
8cbb0541-624a-48dc-90b7-0d109fcc2d83,usr_hsct00100,Page Viewed,2026-01-01T10:00:00Z,2026-04-13T15:55:22Z
19a1d887-e876-4f75-9286-666247da039e,usr_hsct00082,Pricing Visited,2026-01-01T10:00:00Z,2026-04-13T15:55:22Z
1d98dec1-546b-4857-a706-65055513e51f,usr_hsct00057,Page Viewed,2026-01-01T10:00:00Z,2026-04-13T15:55:22Z
4fdcaf97-9400-4924-a19e-d33c680ba877,usr_hsct00026,Pricing Visited,2026-01-01T10:00:00Z,2026-04-13T15:55:22Z
5a5cbb93-64e9-4a5d-bfd4-92e0e15986ce,usr_hsct00025,Page Viewed,2026-01-01T10:00:00Z,2026-04-13T15:55:22Z
7ecf173c-5cd7-4f4d-a085-6d4652a6b068,usr_hsct00077,Page Viewed,2026-01-01T10:00:00Z,2026-04-13T15:55:22Z
dba18f08-fdfa-4dfa-80ce-d063ed4de888,usr_hsct00079,Page Viewed,2026-01-02T10:00:00Z,2026-04-13T15:55:22Z
f202dbe2-5f97-463e-981d-792af938d458,usr_hsct00087,Page Viewed,2026-01-02T10:00:00Z,2026-04-13T15:55:22Z
e7c7671c-19c0-4686-9eca-da3738fece10,usr_hsct00047,Page Viewed,2026-01-02T10:00:00Z,2026-04-13T15:55:22Z
80e30633-f68f-49cc-b17b-af37af992990,usr_hsct00084,Page Viewed,2026-01-02T10:00:00Z,2026-04-13T15:55:22Z
da109155-76bc-4ab9-8102-ba6afcf0499f,usr_hsct00021,Page Viewed,2026-01-02T10:00:00Z,2026-04-13T15:55:22Z
9c6a2c28-8a3c-4fbc-975c-8872e807270c,usr_hsct00036,Pricing Visited,2026-01-02T10:00:00Z,2026-04-13T15:55:22Z
dfc6803e-e5d5-4741-9fa2-969173c06fec,usr_hsct00046,Pricing Visited,2026-01-02T10:00:00Z,2026-04-13T15:55:22Z
3b75f030-9364-4662-bdac-24c4cc234875,usr_hsct00052,Page Viewed,2026-01-02T10:00:00Z,2026-04-13T15:55:22Z
d9b3e3f8-1788-4da8-9c68-41e7806a6bd9,usr_hsct00067,Page Viewed,2026-01-02T10:00:00Z,2026-04-13T15:55:22Z
97d06fc5-3a99-4179-b1d7-213782ac14ff,usr_hsct00095,Page Viewed,2026-01-02T10:00:00Z,2026-04-13T15:55:22Z
cb2a1dfe-6552-4db3-9e80-8e5aefba4d4a,usr_hsct00012,Pricing Visited,2026-01-03T10:00:00Z,2026-04-13T15:55:22Z
85ebd4a7-1ce9-47a7-bc15-cd78487281a1,usr_hsct00093,Pricing Visited,2026-01-03T10:00:00Z,2026-04-13T15:55:22Z
e5e21d7b-0043-412b-8941-7a6e70756f3a,usr_hsct00045,Pricing Visited,2026-01-03T10:00:00Z,2026-04-13T15:55:22Z
ef4371a0-48e2-4195-863f-8db8fd0c15f3,usr_hsct00029,Page Viewed,2026-01-03T10:00:00Z,2026-04-13T15:55:22Z
63736d3c-c90e-445c-b6be-d8e4a3fd91ac,usr_hsct00059,Pricing Visited,2026-01-03T10:00:00Z,2026-04-13T15:55:22Z
a2026522-152d-433c-b471-5b65a37e5bf6,usr_hsct00074,Page Viewed,2026-01-03T10:00:00Z,2026-04-13T15:55:22Z
b9f197c1-230a-4762-91c7-f27c123afa49,usr_hsct00034,Page Viewed,2026-01-03T10:00:00Z,2026-04-13T15:55:22Z
a1ef8c65-5d8c-45d2-89de-31ee2af7d297,usr_hsct00053,Page Viewed,2026-01-03T10:00:00Z,2026-04-13T15:55:22Z
7f1faea4-4211-4d3f-a29c-9b16c389710a,usr_hsct00072,Page Viewed,2026-01-03T10:00:00Z,2026-04-13T15:55:22Z
ad1eec7b-6634-426b-b4c6-561ba356823d,usr_hsct00065,Pricing Visited,2026-01-03T10:00:00Z,2026-04-13T15:55:22Z
4f3d641d-b1cf-4c1c-9038-876f60bb7c3b,usr_hsct00044,Page Viewed,2026-01-04T10:00:00Z,2026-04-13T15:55:22Z
d4333085-829f-4053-aa07-c872f8bb2703,usr_hsct00066,Pricing Visited,2026-01-04T10:00:00Z,2026-04-13T15:55:22Z
71476855-36f7-4461-9cf9-6a4c8a0377a4,usr_hsct00069,Pricing Visited,2026-01-04T10:00:00Z,2026-04-13T15:55:22Z
351259fd-6383-4e05-b2de-ab4068df47b4,usr_hsct00089,Pricing Visited,2026-01-04T10:00:00Z,2026-04-13T15:55:22Z
554f8050-584f-49b9-8671-7baa9823b6c4,usr_hsct00049,Pricing Visited,2026-01-04T10:00:00Z,2026-04-13T15:55:22Z
15bc620d-b113-4896-82f3-6cf8d9481886,usr_hsct00099,Page Viewed,2026-01-04T10:00:00Z,2026-04-13T15:55:22Z
067e4a42-36f3-48e8-8c0f-ff2695fb96c3,usr_hsct00097,Pricing Visited,2026-01-04T10:00:00Z,2026-04-13T15:55:22Z
28ce7831-83fa-4150-b237-b22f1e0602f1,usr_hsct00100,Pricing Visited,2026-01-04T10:00:00Z,2026-04-13T15:55:22Z
773c7288-1f53-461b-9601-5c24523421c7,usr_hsct00088,Pricing Visited,2026-01-04T10:00:00Z,2026-04-13T15:55:22Z
deced8d3-ebda-480b-bc46-fff58e3ca3fa,usr_hsct00076,Page Viewed,2026-01-04T10:00:00Z,2026-04-13T15:55:22Z
e90287ca-d8e8-4c7e-a088-c7318cf22d14,usr_hsct00062,Page Viewed,2026-01-05T10:00:00Z,2026-04-13T15:55:22Z
58872f28-e316-4c03-9f0e-7a3b22314979,usr_hsct00034,Page Viewed,2026-01-05T10:00:00Z,2026-04-13T15:55:22Z
763d5313-5b47-43ab-aa96-285659c037f9,usr_hsct00049,Page Viewed,2026-01-05T10:00:00Z,2026-04-13T15:55:22Z
c9782806-68ec-4a7f-aefc-dd03dd4b4c0c,usr_hsct00087,Page Viewed,2026-01-05T10:00:00Z,2026-04-13T15:55:22Z
bd712a5e-77b1-4510-8458-45807f4c2d65,usr_hsct00041,Pricing Visited,2026-01-05T10:00:00Z,2026-04-13T15:55:22Z
83d6df1b-1697-40a4-b0aa-3d211733cf9a,usr_hsct00046,Page Viewed,2026-01-05T10:00:00Z,2026-04-13T15:55:22Z
5a36d6de-4103-4806-ac48-4dd88a30aac2,usr_hsct00090,Pricing Visited,2026-01-05T10:00:00Z,2026-04-13T15:55:22Z
7d77a7bc-1a21-4e38-85a8-cf72092269d3,usr_hsct00032,Pricing Visited,2026-01-05T10:00:00Z,2026-04-13T15:55:22Z
b404bae6-157c-4b6f-85d6-eed91cad3a0a,usr_hsct00012,Pricing Visited,2026-01-05T10:00:00Z,2026-04-13T15:55:22Z
3ede5278-b164-4eb7-ba9b-db364b4d2c56,usr_hsct00087,Pricing Visited,2026-01-05T10:00:00Z,2026-04-13T15:55:22Z
748c23c0-6d6d-4728-9655-16903dc90b8d,usr_hsct00010,Page Viewed,2026-01-06T10:00:00Z,2026-04-13T15:55:22Z
59b010cf-5fd8-4ab5-a0ee-a56a7e532ca9,usr_hsct00061,Pricing Visited,2026-01-06T10:00:00Z,2026-04-13T15:55:22Z
85ef7c9e-ae14-4046-afdf-e98f11883ae3,usr_hsct00046,Page Viewed,2026-01-06T10:00:00Z,2026-04-13T15:55:22Z
d8863ba2-d7af-4872-9804-d5df527a0530,usr_hsct00074,Pricing Visited,2026-01-06T10:00:00Z,2026-04-13T15:55:22Z
830a46bd-5c50-4bd3-97f9-85180ae9319d,usr_hsct00024,Page Viewed,2026-01-06T10:00:00Z,2026-04-13T15:55:22Z
db324c0f-22a7-4027-829c-4d78e54c2a68,usr_hsct00064,Page Viewed,2026-01-06T10:00:00Z,2026-04-13T15:55:22Z
1b258a6e-c163-4c55-8c75-a47c33f25b82,usr_hsct00031,Page Viewed,2026-01-06T10:00:00Z,2026-04-13T15:55:22Z
c7171115-d2bb-4f40-ad9f-69ffa9fa281a,usr_hsct00034,Page Viewed,2026-01-06T10:00:00Z,2026-04-13T15:55:22Z
11c18889-c42a-4439-aeef-e064fe599255,usr_hsct00030,Page Viewed,2026-01-06T10:00:00Z,2026-04-13T15:55:22Z
85d42142-97ec-4040-bd85-541bddf439b4,usr_hsct00032,Pricing Visited,2026-01-06T10:00:00Z,2026-04-13T15:55:22Z
f2c243f9-9718-4bf4-b18b-10d6bf9000a3,usr_hsct00020,Page Viewed,2026-01-07T10:00:00Z,2026-04-13T15:55:22Z
87f28fb9-13bc-4d77-bda6-588ca5f69388,usr_hsct00016,Page Viewed,2026-01-07T10:00:00Z,2026-04-13T15:55:22Z
e9c06b84-5cb6-4954-866c-89a2855c7377,usr_hsct00087,Pricing Visited,2026-01-07T10:00:00Z,2026-04-13T15:55:22Z
8dc57eb8-ef4a-478f-9ec3-60449ca43464,usr_hsct00079,Page Viewed,2026-01-07T10:00:00Z,2026-04-13T15:55:22Z
6ba6abf1-8e10-4173-9f61-222396ed1357,usr_hsct00098,Page Viewed,2026-01-07T10:00:00Z,2026-04-13T15:55:22Z
9525e367-6464-480f-b34a-565f55854d23,usr_hsct00062,Pricing Visited,2026-01-07T10:00:00Z,2026-04-13T15:55:22Z
b3d24eb8-11df-4f23-9b4f-4e48b784a303,usr_hsct00080,Pricing Visited,2026-01-07T10:00:00Z,2026-04-13T15:55:22Z
eff3a7ae-a753-4d31-873c-72976de23e58,usr_hsct00064,Pricing Visited,2026-01-07T10:00:00Z,2026-04-13T15:55:22Z
2235b687-6f4f-4e48-8276-ac01b2eb2631,usr_hsct00063,Page Viewed,2026-01-07T10:00:00Z,2026-04-13T15:55:22Z
16edd6de-a065-4660-bb8c-b47f5bf73b8e,usr_hsct00098,Pricing Visited,2026-01-07T10:00:00Z,2026-04-13T15:55:22Z
c2f1bb68-a0ae-4aec-bff8-90d426b7f303,usr_hsct00051,Page Viewed,2026-01-08T10:00:00Z,2026-04-13T15:55:22Z
2f15ed8c-e071-4513-8922-6d268b974253,usr_hsct00097,Page Viewed,2026-01-08T10:00:00Z,2026-04-13T15:55:22Z
5e53c14a-fc39-4304-91ac-974329739fc0,usr_hsct00007,Pricing Visited,2026-01-08T10:00:00Z,2026-04-13T15:55:22Z
eea50400-73be-487b-aa0e-d475423b04e4,usr_hsct00062,Page Viewed,2026-01-08T10:00:00Z,2026-04-13T15:55:22Z
139dc176-5735-4a57-83a4-8577ccd328d2,usr_hsct00065,Pricing Visited,2026-01-08T10:00:00Z,2026-04-13T15:55:22Z
7bab52a4-c30d-48bf-bd91-367aeb6b1940,usr_hsct00051,Page Viewed,2026-01-08T10:00:00Z,2026-04-13T15:55:22Z
1c856ca8-9f0c-44b0-a2a2-e0a6e692d37a,usr_hsct00059,Page Viewed,2026-01-08T10:00:00Z,2026-04-13T15:55:22Z
c6980191-51eb-4c4d-9739-b383488e7d7f,usr_hsct00090,Pricing Visited,2026-01-08T10:00:00Z,2026-04-13T15:55:22Z
e0615e2c-620e-46b3-af43-2280e406e622,usr_hsct00041,Page Viewed,2026-01-08T10:00:00Z,2026-04-13T15:55:22Z
92626f97-38f2-4c07-ac65-a1a434c2f0ec,usr_hsct00002,Page Viewed,2026-01-08T10:00:00Z,2026-04-13T15:55:22Z
04249c8e-2051-4e00-8b71-dd1e8d466dbb,usr_hsct00049,Page Viewed,2026-01-09T10:00:00Z,2026-04-13T15:55:22Z
dfc60d2b-94d0-41e3-9b7b-cbed762cc6ce,usr_hsct00042,Pricing Visited,2026-01-09T10:00:00Z,2026-04-13T15:55:22Z
8b5ec9be-b86a-4cfd-b7b7-ea9640eed7d0,usr_hsct00079,Pricing Visited,2026-01-09T10:00:00Z,2026-04-13T15:55:22Z
b168dbc3-9f23-4825-b501-9c3d3d08ea58,usr_hsct00024,Pricing Visited,2026-01-09T10:00:00Z,2026-04-13T15:55:22Z
ffbb579f-839b-4fff-8488-a872b5cef33b,usr_hsct00031,Pricing Visited,2026-01-09T10:00:00Z,2026-04-13T15:55:22Z
2479bb71-0889-46a8-8702-a918e034b876,usr_hsct00061,Pricing Visited,2026-01-09T10:00:00Z,2026-04-13T15:55:22Z
3e4e68fe-7987-4d01-a467-f5db948203f1,usr_hsct00047,Page Viewed,2026-01-09T10:00:00Z,2026-04-13T15:55:22Z
18ecab9f-2eb3-4935-87c9-9a581eceaf89,usr_hsct00064,Pricing Visited,2026-01-09T10:00:00Z,2026-04-13T15:55:22Z
62ce177c-ddbf-42c4-8146-b7ccd85d2bd9,usr_hsct00027,Pricing Visited,2026-01-09T10:00:00Z,2026-04-13T15:55:22Z
8bfd611d-765e-4947-aeed-22e3cebb7192,usr_hsct00090,Pricing Visited,2026-01-09T10:00:00Z,2026-04-13T15:55:22Z
cd49eeda-2c6e-4b01-823a-07ebad167d9d,usr_hsct00047,Pricing Visited,2026-01-10T10:00:00Z,2026-04-13T15:55:22Z
164e138e-a56e-4315-b979-584d84f5b9b5,usr_hsct00036,Pricing Visited,2026-01-10T10:00:00Z,2026-04-13T15:55:22Z
2a268587-f2d9-4016-83bb-ecd5694f0561,usr_hsct00024,Page Viewed,2026-01-10T10:00:00Z,2026-04-13T15:55:22Z
33a30907-fd3d-47ce-89f2-d52503bc065b,usr_hsct00074,Page Viewed,2026-01-10T10:00:00Z,2026-04-13T15:55:22Z
13f2b2cb-1993-45d9-83d8-c03e375ca2fc,usr_hsct00013,Pricing Visited,2026-01-10T10:00:00Z,2026-04-13T15:55:22Z
c0b7a6bf-681e-40dd-a128-12c91b9b248b,usr_hsct00031,Pricing Visited,2026-01-10T10:00:00Z,2026-04-13T15:55:22Z
0cbf88ae-2152-4be5-a303-8c3283cdce1d,usr_hsct00049,Page Viewed,2026-01-10T10:00:00Z,2026-04-13T15:55:22Z
5b8b0a68-5ce7-4616-b240-5d1650601c93,usr_hsct00019,Page Viewed,2026-01-10T10:00:00Z,2026-04-13T15:55:22Z
d28cccf9-dbac-4e5d-9a22-b9a1d85a0bef,usr_hsct00061,Page Viewed,2026-01-10T10:00:00Z,2026-04-13T15:55:22Z
9a4cf7a5-c8c5-4970-8464-4e42d0fd92b4,usr_hsct00023,Pricing Visited,2026-01-10T10:00:00Z,2026-04-13T15:55:22Z
45c17082-e96f-48fc-930a-cd824686c52d,usr_hsct00064,Page Viewed,2026-01-11T10:00:00Z,2026-04-13T15:55:22Z
3b3df596-0097-446d-a312-71420126bc86,usr_hsct00081,Pricing Visited,2026-01-11T10:00:00Z,2026-04-13T15:55:22Z
81aa0121-64ac-4e6a-8357-8f46a6897e15,usr_hsct00063,Pricing Visited,2026-01-11T10:00:00Z,2026-04-13T15:55:22Z
09d7b220-2ebe-483a-b780-3c1d88eadde6,usr_hsct00033,Page Viewed,2026-01-11T10:00:00Z,2026-04-13T15:55:22Z
0644e2d4-3669-430b-9222-42af0fa67fa7,usr_hsct00051,Page Viewed,2026-01-11T10:00:00Z,2026-04-13T15:55:22Z
8e59baa9-2f95-4fa7-b383-231d96a1f7f9,usr_hsct00089,Page Viewed,2026-01-11T10:00:00Z,2026-04-13T15:55:22Z
d6c6fafb-7e0b-4c8b-874e-d0c58bd7a942,usr_hsct00008,Page Viewed,2026-01-11T10:00:00Z,2026-04-13T15:55:22Z
50d94149-516d-499f-87eb-ca9381a1791f,usr_hsct00033,Pricing Visited,2026-01-11T10:00:00Z,2026-04-13T15:55:22Z
46e00a5f-dc96-41d7-a78f-c91d5d8f77c2,usr_hsct00081,Page Viewed,2026-01-11T10:00:00Z,2026-04-13T15:55:22Z
b9190adb-e16a-467a-ad0e-fe6148dc44d3,usr_hsct00058,Pricing Visited,2026-01-11T10:00:00Z,2026-04-13T15:55:22Z
201c5135-5372-4245-b706-cc53aee9fbe1,usr_hsct00034,Pricing Visited,2026-01-12T10:00:00Z,2026-04-13T15:55:22Z
5d27318b-c5b3-43e2-9ef0-a8b976e3ee5b,usr_hsct00047,Pricing Visited,2026-01-12T10:00:00Z,2026-04-13T15:55:22Z
3041c000-a48a-4dc6-83fa-b2949d0917d5,usr_hsct00045,Page Viewed,2026-01-12T10:00:00Z,2026-04-13T15:55:22Z
bcf80085-8187-4875-aebd-0117ca5618a7,usr_hsct00053,Page Viewed,2026-01-12T10:00:00Z,2026-04-13T15:55:22Z
b847cd65-3183-417d-b5a3-98ba48ad3687,usr_hsct00045,Page Viewed,2026-01-12T10:00:00Z,2026-04-13T15:55:22Z
04b1e891-7218-4a67-86bf-6104981d1667,usr_hsct00074,Page Viewed,2026-01-12T10:00:00Z,2026-04-13T15:55:22Z
8a206dec-9bd9-4216-920f-4022220a1666,usr_hsct00100,Pricing Visited,2026-01-12T10:00:00Z,2026-04-13T15:55:22Z
bcb51de9-838a-44e1-a5f9-47ea58f0f407,usr_hsct00046,Pricing Visited,2026-01-12T10:00:00Z,2026-04-13T15:55:22Z
e45d677c-f478-4872-99e4-7f8af3507795,usr_hsct00087,Pricing Visited,2026-01-12T10:00:00Z,2026-04-13T15:55:22Z
489ae0b0-ae3c-4ca3-b36e-b1d94969e6ff,usr_hsct00100,Pricing Visited,2026-01-12T10:00:00Z,2026-04-13T15:55:22Z
c8c232bf-ba36-4eed-8a8a-d9608b5eff41,usr_hsct00011,Pricing Visited,2026-01-13T10:00:00Z,2026-04-13T15:55:22Z
65915afe-5ead-4fa0-bdad-e04804be7bca,usr_hsct00079,Pricing Visited,2026-01-13T10:00:00Z,2026-04-13T15:55:22Z
8fc05c2e-bce4-48e8-984a-c2e719f06b5c,usr_hsct00060,Page Viewed,2026-01-13T10:00:00Z,2026-04-13T15:55:22Z
d8f872c5-2f03-474e-8ded-a3a99ed88c70,usr_hsct00022,Pricing Visited,2026-01-13T10:00:00Z,2026-04-13T15:55:22Z
fd2db5a7-5a16-4fee-8a07-b2a71e54c8d3,usr_hsct00054,Pricing Visited,2026-01-13T10:00:00Z,2026-04-13T15:55:22Z
4edfda58-22eb-4b1b-be24-f9fad2d34cc2,usr_hsct00010,Page Viewed,2026-01-13T10:00:00Z,2026-04-13T15:55:22Z
1abd498c-c63d-4bff-a57d-73614a4c56a5,usr_hsct00021,Pricing Visited,2026-01-13T10:00:00Z,2026-04-13T15:55:22Z
0ac1a575-996a-42a8-ab02-b72f4337c740,usr_hsct00030,Pricing Visited,2026-01-13T10:00:00Z,2026-04-13T15:55:22Z
a1d48834-9572-4ebb-9e77-2db7d0d66e1d,usr_hsct00041,Pricing Visited,2026-01-13T10:00:00Z,2026-04-13T15:55:22Z
b402316a-db22-45b0-a5f8-24c9c3b41c11,usr_hsct00091,Pricing Visited,2026-01-13T10:00:00Z,2026-04-13T15:55:22Z
4ac8f0c5-8cfa-4ef0-8b19-b1dfb38891de,usr_hsct00078,Pricing Visited,2026-01-14T10:00:00Z,2026-04-13T15:55:22Z
01b1c0b7-199a-46b4-a410-00ebb6030a2d,usr_hsct00035,Pricing Visited,2026-01-14T10:00:00Z,2026-04-13T15:55:22Z
18a8960a-e155-410d-b4c0-bb7249137e11,usr_hsct00100,Pricing Visited,2026-01-14T10:00:00Z,2026-04-13T15:55:22Z
76f40471-c9c2-43c2-b683-f168724c5309,usr_hsct00096,Pricing Visited,2026-01-14T10:00:00Z,2026-04-13T15:55:22Z
1a0e94ca-41ef-4bb3-8313-3e8ffa14d733,usr_hsct00053,Page Viewed,2026-01-14T10:00:00Z,2026-04-13T15:55:22Z
5b9e852b-f1f4-492a-9dac-cc1f7a445669,usr_hsct00024,Page Viewed,2026-01-14T10:00:00Z,2026-04-13T15:55:22Z
72ce0bd6-35bf-4d4c-85ed-a5726acafa02,usr_hsct00017,Page Viewed,2026-01-14T10:00:00Z,2026-04-13T15:55:22Z
95782409-6989-44d9-a4d5-ff8058fe793b,usr_hsct00085,Pricing Visited,2026-01-14T10:00:00Z,2026-04-13T15:55:22Z
2c5c83c4-08c6-4458-8201-3f962f84ed41,usr_hsct00096,Page Viewed,2026-01-14T10:00:00Z,2026-04-13T15:55:22Z
f6ad6136-d255-4746-bf4b-b36a7cdf62bf,usr_hsct00027,Page Viewed,2026-01-14T10:00:00Z,2026-04-13T15:55:22Z
1f8b5794-1cc3-4e67-9a14-6cb151459da3,usr_hsct00051,Page Viewed,2026-01-15T10:00:00Z,2026-04-13T15:55:22Z
c66bac60-317d-439b-bbc2-04cdd79619f6,usr_hsct00013,Page Viewed,2026-01-15T10:00:00Z,2026-04-13T15:55:22Z
abf070e6-bc41-4ae4-8fe3-7b43ca61993a,usr_hsct00061,Page Viewed,2026-01-15T10:00:00Z,2026-04-13T15:55:22Z
f9bbfb82-48a3-43b4-8483-3405681d26e4,usr_hsct00004,Pricing Visited,2026-01-15T10:00:00Z,2026-04-13T15:55:22Z
01058018-27a6-4ebf-8abc-098d86a8ac7f,usr_hsct00068,Page Viewed,2026-01-15T10:00:00Z,2026-04-13T15:55:22Z
d4e88510-1007-439a-963a-ce099f1a474c,usr_hsct00014,Pricing Visited,2026-01-15T10:00:00Z,2026-04-13T15:55:22Z
f610fe55-a711-415e-98a3-6f606d412143,usr_hsct00080,Page Viewed,2026-01-15T10:00:00Z,2026-04-13T15:55:22Z
2a826df3-8ece-4f86-a6b0-256f0ffaa9d8,usr_hsct00011,Pricing Visited,2026-01-15T10:00:00Z,2026-04-13T15:55:22Z
3ca50721-81da-49e0-887e-f1910a96e2cf,usr_hsct00040,Page Viewed,2026-01-15T10:00:00Z,2026-04-13T15:55:22Z
04391e51-b85f-4992-a46f-0db3573b65ba,usr_hsct00032,Pricing Visited,2026-01-15T10:00:00Z,2026-04-13T15:55:22Z
1df1c321-5b89-49b6-b6cf-c4f02a761e54,usr_hsct00057,Page Viewed,2026-01-16T10:00:00Z,2026-04-13T15:55:22Z
c7bae4ea-2e7d-4460-bca3-cfc58edaa05d,usr_hsct00017,Page Viewed,2026-01-16T10:00:00Z,2026-04-13T15:55:22Z
f3c8a4ac-31b6-4caf-a5c4-e5c1b67c7bfa,usr_hsct00004,Page Viewed,2026-01-16T10:00:00Z,2026-04-13T15:55:22Z
fd375240-1fca-4602-a691-0b1c06bea592,usr_hsct00085,Pricing Visited,2026-01-16T10:00:00Z,2026-04-13T15:55:22Z
a4ad3605-18f1-453c-9150-a31bca1884a4,usr_hsct00042,Pricing Visited,2026-01-16T10:00:00Z,2026-04-13T15:55:22Z
615810ec-d446-44d7-8c5b-a9ad403b341b,usr_hsct00060,Pricing Visited,2026-01-16T10:00:00Z,2026-04-13T15:55:22Z
49501bb1-b542-4d28-915b-234c7e538abb,usr_hsct00071,Pricing Visited,2026-01-16T10:00:00Z,2026-04-13T15:55:22Z
50c519ef-1ba2-4f27-9683-1a60ddc135ec,usr_hsct00018,Page Viewed,2026-01-16T10:00:00Z,2026-04-13T15:55:22Z
8a8b14bd-23e0-4d42-910e-0db9c8e994e2,usr_hsct00076,Pricing Visited,2026-01-16T10:00:00Z,2026-04-13T15:55:22Z
215d671b-87d5-4def-b30b-f0042c71c4a2,usr_hsct00081,Pricing Visited,2026-01-16T10:00:00Z,2026-04-13T15:55:22Z
2a15ff0d-7232-4a5e-82dc-e277c54fe7be,usr_hsct00068,Pricing Visited,2026-01-17T10:00:00Z,2026-04-13T15:55:22Z
b6e4ceab-6371-49ec-a2aa-fa193ed18583,usr_hsct00045,Pricing Visited,2026-01-17T10:00:00Z,2026-04-13T15:55:22Z
f4f5c8d1-a851-4ef4-901e-8743a03cf8fb,usr_hsct00070,Page Viewed,2026-01-17T10:00:00Z,2026-04-13T15:55:22Z
5e6b3d53-2004-4576-b582-a28098aa0731,usr_hsct00012,Pricing Visited,2026-01-17T10:00:00Z,2026-04-13T15:55:22Z
8f9e47c4-2178-475d-9752-bcfed2c657ac,usr_hsct00040,Pricing Visited,2026-01-17T10:00:00Z,2026-04-13T15:55:22Z
37aadb2e-ed37-4549-8a33-9f0536e5f77a,usr_hsct00053,Pricing Visited,2026-01-17T10:00:00Z,2026-04-13T15:55:22Z
13895f99-b435-4ccd-bb06-e9c61cdbabc2,usr_hsct00020,Pricing Visited,2026-01-17T10:00:00Z,2026-04-13T15:55:22Z
c2459b60-7036-46b5-9763-4ed418723eec,usr_hsct00002,Page Viewed,2026-01-17T10:00:00Z,2026-04-13T15:55:22Z
49ab69e2-627b-46c4-976d-60bc61fe4dd2,usr_hsct00067,Page Viewed,2026-01-17T10:00:00Z,2026-04-13T15:55:22Z
763d59b9-61e1-4c56-8c88-406583603afe,usr_hsct00045,Pricing Visited,2026-01-17T10:00:00Z,2026-04-13T15:55:22Z
cf942981-3916-44ef-a54c-1265dc1f8e80,usr_hsct00061,Page Viewed,2026-01-18T10:00:00Z,2026-04-13T15:55:22Z
dc177f3f-ab75-4d83-8abd-6577686dfe8e,usr_hsct00089,Pricing Visited,2026-01-18T10:00:00Z,2026-04-13T15:55:22Z
64a68416-eee7-48c3-9012-af34b42ab929,usr_hsct00097,Pricing Visited,2026-01-18T10:00:00Z,2026-04-13T15:55:22Z
c793bd4f-f107-437b-9f12-da64bb442259,usr_hsct00039,Page Viewed,2026-01-18T10:00:00Z,2026-04-13T15:55:22Z
4678021b-95da-4adc-a0e8-aa5585196e99,usr_hsct00099,Pricing Visited,2026-01-18T10:00:00Z,2026-04-13T15:55:22Z
c9804c12-88d7-4eb5-9daa-6f89f02eb885,usr_hsct00038,Page Viewed,2026-01-18T10:00:00Z,2026-04-13T15:55:22Z
ae8ad64e-87d9-43da-afc1-7f99736ca707,usr_hsct00001,Pricing Visited,2026-01-18T10:00:00Z,2026-04-13T15:55:22Z
faf51adb-dcfc-42b2-80fc-99695a250d22,usr_hsct00025,Pricing Visited,2026-01-18T10:00:00Z,2026-04-13T15:55:22Z
fea64080-51eb-4b53-80cf-cf1c6702912e,usr_hsct00072,Pricing Visited,2026-01-18T10:00:00Z,2026-04-13T15:55:22Z
35623233-5477-423c-b8c6-7ad14de372f9,usr_hsct00051,Page Viewed,2026-01-18T10:00:00Z,2026-04-13T15:55:22Z
3a79ca3d-c9c4-4c6f-a510-6c5495093548,usr_hsct00021,Pricing Visited,2026-01-19T10:00:00Z,2026-04-13T15:55:22Z
ae80b0ca-8ee5-4417-8880-70fdd9710bf4,usr_hsct00049,Page Viewed,2026-01-19T10:00:00Z,2026-04-13T15:55:22Z
e47b4cd1-e90b-4a0a-af79-3d0f0257b864,usr_hsct00034,Page Viewed,2026-01-19T10:00:00Z,2026-04-13T15:55:22Z
11867c6b-4f80-4431-8bd6-a6ca620f7246,usr_hsct00055,Page Viewed,2026-01-19T10:00:00Z,2026-04-13T15:55:22Z
c4c4addc-7eec-4a68-b77f-079b84bfdc36,usr_hsct00067,Pricing Visited,2026-01-19T10:00:00Z,2026-04-13T15:55:22Z
15766857-ddd5-4725-892e-3e61b32316d6,usr_hsct00037,Pricing Visited,2026-01-19T10:00:00Z,2026-04-13T15:55:22Z
8f7e89b6-685d-45cc-b7f8-f402ab810d8c,usr_hsct00053,Page Viewed,2026-01-19T10:00:00Z,2026-04-13T15:55:22Z
d83ad3e6-0e28-43ea-952e-73bcf8c3763d,usr_hsct00009,Page Viewed,2026-01-19T10:00:00Z,2026-04-13T15:55:22Z
0551053b-f507-4da3-91a8-42cba0c0d0f2,usr_hsct00018,Pricing Visited,2026-01-19T10:00:00Z,2026-04-13T15:55:22Z
657e5871-464a-4738-a926-69f1b548bd44,usr_hsct00015,Pricing Visited,2026-01-19T10:00:00Z,2026-04-13T15:55:22Z
071f317e-2ee2-4763-af50-65ca65b5d571,usr_hsct00080,Pricing Visited,2026-01-20T10:00:00Z,2026-04-13T15:55:22Z
c724c5e6-a979-4af0-b9de-42ab38225e84,usr_hsct00035,Pricing Visited,2026-01-20T10:00:00Z,2026-04-13T15:55:22Z
7fc96a71-2653-4150-a492-ff8e9fcee605,usr_hsct00025,Pricing Visited,2026-01-20T10:00:00Z,2026-04-13T15:55:22Z
5bed74c9-2bd8-46ef-88ce-60642ddd7a52,usr_hsct00003,Page Viewed,2026-01-20T10:00:00Z,2026-04-13T15:55:22Z
688c6ed6-743c-40b1-b63d-fc67de57c140,usr_hsct00007,Page Viewed,2026-01-20T10:00:00Z,2026-04-13T15:55:22Z
76ccbb6f-a902-4261-a741-f32885237242,usr_hsct00024,Page Viewed,2026-01-20T10:00:00Z,2026-04-13T15:55:22Z
1316b61c-22bc-467c-918e-3c6a3b7d105d,usr_hsct00037,Pricing Visited,2026-01-20T10:00:00Z,2026-04-13T15:55:22Z
9f2261e2-3365-4ecb-b5cd-19c470680e00,usr_hsct00017,Pricing Visited,2026-01-20T10:00:00Z,2026-04-13T15:55:22Z
bf9e5602-d050-49c3-b7f9-9ccd32f04636,usr_hsct00094,Page Viewed,2026-01-20T10:00:00Z,2026-04-13T15:55:22Z
f1b4de07-4da0-4061-9118-5dffceb867b1,usr_hsct00030,Page Viewed,2026-01-20T10:00:00Z,2026-04-13T15:55:22Z
eb557a5e-b695-4dc4-8472-b87d383e47f1,usr_hsct00020,Page Viewed,2026-01-21T10:00:00Z,2026-04-13T15:55:22Z
48d0bb56-daa2-4af9-b0f8-60d7dcc36206,usr_hsct00064,Page Viewed,2026-01-21T10:00:00Z,2026-04-13T15:55:22Z
b2649fe2-84bc-47ce-a187-13839ba1dc98,usr_hsct00044,Pricing Visited,2026-01-21T10:00:00Z,2026-04-13T15:55:22Z
884d8e2d-8ccc-40e9-a494-6e39e9cc0182,usr_hsct00040,Pricing Visited,2026-01-21T10:00:00Z,2026-04-13T15:55:22Z
85c2f258-4427-4f6d-a449-dd8de8053759,usr_hsct00048,Pricing Visited,2026-01-21T10:00:00Z,2026-04-13T15:55:22Z
6b5c860b-d357-4cd0-b40f-f4ca9d85416d,usr_hsct00090,Page Viewed,2026-01-21T10:00:00Z,2026-04-13T15:55:22Z
fbd306d8-78a5-4cb0-bf7b-3bc36cf79895,usr_hsct00043,Page Viewed,2026-01-21T10:00:00Z,2026-04-13T15:55:22Z
96baf3af-f408-4228-a539-b6fa65c49fca,usr_hsct00097,Page Viewed,2026-01-21T10:00:00Z,2026-04-13T15:55:22Z
e7a97986-0837-4bbb-9e94-ed61501b9979,usr_hsct00008,Pricing Visited,2026-01-21T10:00:00Z,2026-04-13T15:55:22Z
2606acf7-aecf-4eff-9273-b6d2717cc5c4,usr_hsct00100,Pricing Visited,2026-01-21T10:00:00Z,2026-04-13T15:55:22Z
3dfbc0b6-2950-405a-85c1-7d469d5c32aa,usr_hsct00010,Pricing Visited,2026-01-22T10:00:00Z,2026-04-13T15:55:22Z
493855f2-98d6-45d2-b4af-d83d9544c110,usr_hsct00024,Page Viewed,2026-01-22T10:00:00Z,2026-04-13T15:55:22Z
4e04bdf4-83ae-4153-a002-1575dc4f4685,usr_hsct00033,Pricing Visited,2026-01-22T10:00:00Z,2026-04-13T15:55:22Z
446b5e2d-25f1-4a2a-a6dc-a25fc6db76b9,usr_hsct00002,Page Viewed,2026-01-22T10:00:00Z,2026-04-13T15:55:22Z
e9f8c625-6c43-4a69-900d-a5625c49aca2,usr_hsct00099,Page Viewed,2026-01-22T10:00:00Z,2026-04-13T15:55:22Z
c851f3e5-24d2-46bc-bcdc-00a88956dddf,usr_hsct00050,Pricing Visited,2026-01-22T10:00:00Z,2026-04-13T15:55:22Z
0a4adc0e-efae-45cd-8e7d-251c409e2d15,usr_hsct00032,Page Viewed,2026-01-22T10:00:00Z,2026-04-13T15:55:22Z
2ccf0b09-ead5-42b3-a28b-8728b110d4ea,usr_hsct00026,Pricing Visited,2026-01-22T10:00:00Z,2026-04-13T15:55:22Z
d9ae4cb2-36bf-446a-9267-34ef5a16290b,usr_hsct00095,Page Viewed,2026-01-22T10:00:00Z,2026-04-13T15:55:22Z
376bdb89-1f44-4a6f-be3e-f7641d424399,usr_hsct00067,Page Viewed,2026-01-22T10:00:00Z,2026-04-13T15:55:22Z
de551181-24c7-4eb0-a20a-a7bbce744db9,usr_hsct00061,Pricing Visited,2026-01-23T10:00:00Z,2026-04-13T15:55:22Z
4840f6cf-ab34-4bc3-80d5-7ab02b795fa9,usr_hsct00088,Pricing Visited,2026-01-23T10:00:00Z,2026-04-13T15:55:22Z
6b38f76d-4a2a-4741-bf9b-cd25fa83b9ea,usr_hsct00042,Page Viewed,2026-01-23T10:00:00Z,2026-04-13T15:55:22Z
0d5d3f60-99ac-405e-ba11-4e0f02b1aeb4,usr_hsct00081,Page Viewed,2026-01-23T10:00:00Z,2026-04-13T15:55:22Z
1a91f798-4228-4013-9b66-5f272dbf8232,usr_hsct00096,Page Viewed,2026-01-23T10:00:00Z,2026-04-13T15:55:22Z
e3606c1c-f930-44e6-bf5f-fe33faf55bfe,usr_hsct00033,Pricing Visited,2026-01-23T10:00:00Z,2026-04-13T15:55:22Z
bc4e8752-1803-47b1-908c-656591d79155,usr_hsct00082,Pricing Visited,2026-01-23T10:00:00Z,2026-04-13T15:55:22Z
f5fb62e0-c257-49c4-adac-03f9be82ceb4,usr_hsct00026,Pricing Visited,2026-01-23T10:00:00Z,2026-04-13T15:55:22Z
16593b12-ad30-41b5-b326-1dd0df6d0e90,usr_hsct00007,Page Viewed,2026-01-23T10:00:00Z,2026-04-13T15:55:22Z
95a840a0-9d11-4071-8a34-e93e801fb5e6,usr_hsct00015,Page Viewed,2026-01-23T10:00:00Z,2026-04-13T15:55:22Z
206f47df-e340-426e-b9fa-acd4fc846b30,usr_hsct00082,Pricing Visited,2026-01-24T10:00:00Z,2026-04-13T15:55:22Z
bcca49b8-781b-4d7d-adda-3b06ce6abe48,usr_hsct00042,Page Viewed,2026-01-24T10:00:00Z,2026-04-13T15:55:22Z
ed9884f8-50d8-4e0c-9d55-c8eb97fa586c,usr_hsct00022,Pricing Visited,2026-01-24T10:00:00Z,2026-04-13T15:55:22Z
59ea4cff-647e-4246-abde-5acbbcadb474,usr_hsct00075,Page Viewed,2026-01-24T10:00:00Z,2026-04-13T15:55:22Z
daec721d-371d-46e9-addc-5bdcad344f64,usr_hsct00051,Page Viewed,2026-01-24T10:00:00Z,2026-04-13T15:55:22Z
1d99a210-e59a-4379-b06c-88150b4bc6f8,usr_hsct00002,Page Viewed,2026-01-24T10:00:00Z,2026-04-13T15:55:22Z
4e6c9032-5594-4db0-87de-361ed55fe746,usr_hsct00075,Pricing Visited,2026-01-24T10:00:00Z,2026-04-13T15:55:22Z
167dc46b-e896-4673-b3f9-590ace210105,usr_hsct00089,Page Viewed,2026-01-24T10:00:00Z,2026-04-13T15:55:22Z
97735465-7a1d-4439-bec8-035d95604253,usr_hsct00048,Page Viewed,2026-01-24T10:00:00Z,2026-04-13T15:55:22Z
28c61cc4-f5fa-4686-92c2-3d6275bc8356,usr_hsct00032,Page Viewed,2026-01-24T10:00:00Z,2026-04-13T15:55:22Z
59632383-03bc-422d-8b73-36e4131c4c90,usr_hsct00064,Page Viewed,2026-01-25T10:00:00Z,2026-04-13T15:55:22Z
3fb4c226-5deb-42a6-bd90-6685102cf89a,usr_hsct00088,Pricing Visited,2026-01-25T10:00:00Z,2026-04-13T15:55:22Z
c2819c41-29b7-47ec-ab9b-598f77a44fd0,usr_hsct00098,Page Viewed,2026-01-25T10:00:00Z,2026-04-13T15:55:22Z
c7cea431-ae9f-4f04-8d6a-7024a6495e76,usr_hsct00008,Pricing Visited,2026-01-25T10:00:00Z,2026-04-13T15:55:22Z
99412070-5828-48f6-bb69-f19e41ac96b0,usr_hsct00083,Page Viewed,2026-01-25T10:00:00Z,2026-04-13T15:55:22Z
cd354c9f-42e9-4f31-b53c-0ca951ffcc7d,usr_hsct00090,Page Viewed,2026-01-25T10:00:00Z,2026-04-13T15:55:22Z
7484ce15-968c-473e-8ce7-020ff8faa8ff,usr_hsct00017,Pricing Visited,2026-01-25T10:00:00Z,2026-04-13T15:55:22Z
a3b74689-c4da-466d-aa03-d07e51e8a807,usr_hsct00030,Pricing Visited,2026-01-25T10:00:00Z,2026-04-13T15:55:22Z
607594e0-7b70-4f69-b31b-f8d3c19ef5e7,usr_hsct00072,Pricing Visited,2026-01-25T10:00:00Z,2026-04-13T15:55:22Z
24fc0bcb-650a-42ff-8932-294baab481f5,usr_hsct00057,Page Viewed,2026-01-25T10:00:00Z,2026-04-13T15:55:22Z
db9b165d-d9a9-4926-8166-7f0da26d8fc4,usr_hsct00003,Pricing Visited,2026-01-26T10:00:00Z,2026-04-13T15:55:22Z
839bdf6e-b33f-4ba2-a6f9-1e82c0c8dc23,usr_hsct00046,Page Viewed,2026-01-26T10:00:00Z,2026-04-13T15:55:22Z
2c63caca-5cd6-4581-a2ee-636661d29c9c,usr_hsct00033,Page Viewed,2026-01-26T10:00:00Z,2026-04-13T15:55:22Z
498e0571-ca27-4d88-84c6-ef390d304d04,usr_hsct00063,Pricing Visited,2026-01-26T10:00:00Z,2026-04-13T15:55:22Z
dffaa025-b30e-4bfc-af46-6691c7005b43,usr_hsct00072,Pricing Visited,2026-01-26T10:00:00Z,2026-04-13T15:55:22Z
4f9894e9-3776-4eb1-ad20-f4fd93db7885,usr_hsct00070,Pricing Visited,2026-01-26T10:00:00Z,2026-04-13T15:55:22Z
7c33b728-ec00-45c4-a82e-50f73d295cd8,usr_hsct00025,Page Viewed,2026-01-26T10:00:00Z,2026-04-13T15:55:22Z
210ad87e-c789-45ae-ad10-ff9899d12a8a,usr_hsct00070,Pricing Visited,2026-01-26T10:00:00Z,2026-04-13T15:55:22Z
f4e7b113-efa2-4d21-ab4a-2dd4731feb1b,usr_hsct00042,Pricing Visited,2026-01-26T10:00:00Z,2026-04-13T15:55:22Z
13823b52-5222-46b8-a073-96d651e0e4dc,usr_hsct00036,Page Viewed,2026-01-26T10:00:00Z,2026-04-13T15:55:22Z
3bc973fd-c40c-46d4-8b1b-3c6dcbcc441a,usr_hsct00009,Page Viewed,2026-01-27T10:00:00Z,2026-04-13T15:55:22Z
24fef2ef-3aad-4061-9ad1-8624c490d2ff,usr_hsct00058,Pricing Visited,2026-01-27T10:00:00Z,2026-04-13T15:55:22Z
982fe191-07b4-46f4-b46a-09e348c9cffd,usr_hsct00034,Pricing Visited,2026-01-27T10:00:00Z,2026-04-13T15:55:22Z
0b6e119c-f235-49be-a684-2ea3c196623a,usr_hsct00059,Page Viewed,2026-01-27T10:00:00Z,2026-04-13T15:55:22Z
7fd4ebb4-b25d-4713-ab39-660c0d977bfb,usr_hsct00100,Pricing Visited,2026-01-27T10:00:00Z,2026-04-13T15:55:22Z
37d7534e-7e9e-4451-b171-475657147b92,usr_hsct00094,Page Viewed,2026-01-27T10:00:00Z,2026-04-13T15:55:22Z
0b21bd74-6415-40ce-9509-3b3ba1b1b708,usr_hsct00003,Pricing Visited,2026-01-27T10:00:00Z,2026-04-13T15:55:22Z
eb76b59b-a324-4cf8-a408-c604db560de6,usr_hsct00100,Page Viewed,2026-01-27T10:00:00Z,2026-04-13T15:55:22Z
28b19be7-56d4-4a78-9186-035ec08d34e7,usr_hsct00042,Page Viewed,2026-01-27T10:00:00Z,2026-04-13T15:55:22Z
0f8ae14c-6921-4005-8eee-e9256e45e01e,usr_hsct00085,Pricing Visited,2026-01-27T10:00:00Z,2026-04-13T15:55:22Z
3fa5f3a6-31d7-4877-b3c7-7be5f87253a6,usr_hsct00025,Pricing Visited,2026-01-28T10:00:00Z,2026-04-13T15:55:22Z
b7e7def1-8512-403d-bf9c-efa2922726d2,usr_hsct00099,Page Viewed,2026-01-28T10:00:00Z,2026-04-13T15:55:22Z
3878cf9a-b3d1-4ef5-a6c9-8c24c866f02c,usr_hsct00079,Pricing Visited,2026-01-28T10:00:00Z,2026-04-13T15:55:22Z
2ffe8b90-e04b-4f58-81c1-0d0d5aeff1e5,usr_hsct00042,Pricing Visited,2026-01-28T10:00:00Z,2026-04-13T15:55:22Z
a2463417-ac89-4d2f-a697-cc234020d1e0,usr_hsct00083,Pricing Visited,2026-01-28T10:00:00Z,2026-04-13T15:55:22Z
f25eb40d-efd3-4687-a29c-90dfd4589556,usr_hsct00015,Page Viewed,2026-01-28T10:00:00Z,2026-04-13T15:55:22Z
0ed4f8f3-e626-42eb-86c8-ae1f1af1152d,usr_hsct00067,Page Viewed,2026-01-28T10:00:00Z,2026-04-13T15:55:22Z
d7a192b5-be5f-4d31-bb8c-384cbe3bcd7a,usr_hsct00006,Page Viewed,2026-01-28T10:00:00Z,2026-04-13T15:55:22Z
07a3a514-8c6c-44f2-8efc-e7b18e1b0e6e,usr_hsct00023,Page Viewed,2026-01-28T10:00:00Z,2026-04-13T15:55:22Z
69f3a1a4-25d4-4794-a80a-8adecb9efb92,usr_hsct00026,Page Viewed,2026-01-28T10:00:00Z,2026-04-13T15:55:22Z
9a76c154-e8c1-4809-9025-fa8804db3bce,usr_hsct00063,Page Viewed,2026-01-29T10:00:00Z,2026-04-13T15:55:22Z
f91c4d3c-618d-4026-ba65-67c0f88d2c4e,usr_hsct00013,Page Viewed,2026-01-29T10:00:00Z,2026-04-13T15:55:22Z
44f208c1-45c9-4477-aa51-13e6471535a4,usr_hsct00074,Pricing Visited,2026-01-29T10:00:00Z,2026-04-13T15:55:22Z
030e01b2-e285-4a59-a436-b17aafa2b502,usr_hsct00085,Pricing Visited,2026-01-29T10:00:00Z,2026-04-13T15:55:22Z
01c1f7ea-18d8-45c4-8a99-99953ec8e58c,usr_hsct00068,Pricing Visited,2026-01-29T10:00:00Z,2026-04-13T15:55:22Z
22cd0d0d-c8c4-4f6d-8fa2-39974e7e30d5,usr_hsct00007,Pricing Visited,2026-01-29T10:00:00Z,2026-04-13T15:55:22Z
774bba32-2a2e-487d-9cfd-2066b3544329,usr_hsct00029,Page Viewed,2026-01-29T10:00:00Z,2026-04-13T15:55:22Z
e9370d9c-d93c-4f43-b16c-3debe309ba26,usr_hsct00002,Page Viewed,2026-01-29T10:00:00Z,2026-04-13T15:55:22Z
9323765e-50a0-44bc-83f6-d8d3f7b78631,usr_hsct00084,Pricing Visited,2026-01-29T10:00:00Z,2026-04-13T15:55:22Z
60232c4c-fbfb-4a07-94f1-23f28f38d602,usr_hsct00011,Pricing Visited,2026-01-29T10:00:00Z,2026-04-13T15:55:22Z
a449212a-46bd-43db-872f-10a774cc5260,usr_hsct00082,Page Viewed,2026-01-30T10:00:00Z,2026-04-13T15:55:22Z
963d3eed-47e8-4f4b-afdd-4a0902861a0f,usr_hsct00047,Pricing Visited,2026-01-30T10:00:00Z,2026-04-13T15:55:22Z
69c99250-9bc6-4988-ad49-b831f5215a03,usr_hsct00048,Page Viewed,2026-01-30T10:00:00Z,2026-04-13T15:55:22Z
d3d7bdb4-03bf-44d4-8641-b29445869c21,usr_hsct00079,Pricing Visited,2026-01-30T10:00:00Z,2026-04-13T15:55:22Z
c88050b0-f513-4b61-8e93-7896078a2997,usr_hsct00068,Page Viewed,2026-01-30T10:00:00Z,2026-04-13T15:55:22Z
ff1aea82-f2fc-4af3-b18e-420810aa58ef,usr_hsct00094,Page Viewed,2026-01-30T10:00:00Z,2026-04-13T15:55:22Z
ffb87ad3-4235-4402-bfc9-697cd6e12a4a,usr_hsct00039,Page Viewed,2026-01-30T10:00:00Z,2026-04-13T15:55:22Z
9bd304c3-9926-4bb6-ac14-bafdceed46ce,usr_hsct00028,Page Viewed,2026-01-30T10:00:00Z,2026-04-13T15:55:22Z
7b828418-4fec-464a-866f-f8cb023c3e41,usr_hsct00013,Page Viewed,2026-01-30T10:00:00Z,2026-04-13T15:55:22Z
9e806e63-e179-4b94-a67b-5c56676e9515,usr_hsct00069,Pricing Visited,2026-01-30T10:00:00Z,2026-04-13T15:55:22Z
aad77de4-ce05-4951-a954-08152df99ea9,usr_hsct00025,Page Viewed,2026-01-31T10:00:00Z,2026-04-13T15:55:22Z
fc88d202-fb99-4d82-a076-802d65c56f09,usr_hsct00068,Page Viewed,2026-01-31T10:00:00Z,2026-04-13T15:55:22Z
545157f2-f77b-4885-907d-6974e4c8dec2,usr_hsct00073,Page Viewed,2026-01-31T10:00:00Z,2026-04-13T15:55:22Z
353b865b-6d8d-4f70-9a54-62bcf72fb465,usr_hsct00072,Pricing Visited,2026-01-31T10:00:00Z,2026-04-13T15:55:22Z
5433ca9e-2570-45e7-bb1e-fe2295cdf8b7,usr_hsct00096,Page Viewed,2026-01-31T10:00:00Z,2026-04-13T15:55:22Z
e8082730-312e-437a-9220-614e120f90a9,usr_hsct00099,Pricing Visited,2026-01-31T10:00:00Z,2026-04-13T15:55:22Z
03002069-e6f0-44c0-9eb3-b6e13537fc7b,usr_hsct00087,Pricing Visited,2026-01-31T10:00:00Z,2026-04-13T15:55:22Z
4b9fed51-77af-4243-a1ce-9cf185f67596,usr_hsct00090,Pricing Visited,2026-01-31T10:00:00Z,2026-04-13T15:55:22Z
55189552-9c89-48a0-905c-616cac84f67e,usr_hsct00014,Page Viewed,2026-01-31T10:00:00Z,2026-04-13T15:55:22Z
37ec6cd1-fede-4be7-a25f-ea058bafc273,usr_hsct00024,Pricing Visited,2026-01-31T10:00:00Z,2026-04-13T15:55:22Z
465b06ea-b8ad-41ca-96d4-5b805584e81d,usr_hsct00065,Pricing Visited,2026-02-01T10:00:00Z,2026-04-13T15:55:22Z
a304cede-da2e-481d-ad16-631835e489ec,usr_hsct00085,Page Viewed,2026-02-01T10:00:00Z,2026-04-13T15:55:22Z
fd08ce55-d114-417e-a3c2-a831fe94849f,usr_hsct00069,Pricing Visited,2026-02-01T10:00:00Z,2026-04-13T15:55:22Z
96fbf542-f740-414d-a9cf-dd06f3f3e8f8,usr_hsct00046,Pricing Visited,2026-02-01T10:00:00Z,2026-04-13T15:55:22Z
f1e8041a-31a3-4054-ae24-a37117ea5301,usr_hsct00071,Pricing Visited,2026-02-01T10:00:00Z,2026-04-13T15:55:22Z
dbef838e-b00b-4d14-9979-92ae0680ccaa,usr_hsct00048,Pricing Visited,2026-02-01T10:00:00Z,2026-04-13T15:55:22Z
76338c9f-58a0-448c-90a9-ac197c7920a8,usr_hsct00098,Pricing Visited,2026-02-01T10:00:00Z,2026-04-13T15:55:22Z
a61c9422-a184-43e2-ada7-cafad517c32c,usr_hsct00093,Pricing Visited,2026-02-01T10:00:00Z,2026-04-13T15:55:22Z
134e36d8-a0d4-4fb1-8e48-937548483db8,usr_hsct00078,Page Viewed,2026-02-01T10:00:00Z,2026-04-13T15:55:22Z
8caa8de6-6a3a-414f-9ab3-abfe36fc1349,usr_hsct00073,Page Viewed,2026-02-01T10:00:00Z,2026-04-13T15:55:22Z
19c200de-2de5-477f-a978-5581d9fcf7f1,usr_hsct00049,Pricing Visited,2026-02-02T10:00:00Z,2026-04-13T15:55:22Z
2c148f6f-bfbc-4b33-8c36-499370efbc8d,usr_hsct00047,Pricing Visited,2026-02-02T10:00:00Z,2026-04-13T15:55:22Z
455cf9e2-a197-463b-ab0b-a960a1289a1b,usr_hsct00058,Pricing Visited,2026-02-02T10:00:00Z,2026-04-13T15:55:22Z
686d26bf-6107-4ed3-aa72-8d48cca0bb17,usr_hsct00001,Page Viewed,2026-02-02T10:00:00Z,2026-04-13T15:55:22Z
cd9794ad-2bd6-4f9f-9704-47eae3544777,usr_hsct00037,Page Viewed,2026-02-02T10:00:00Z,2026-04-13T15:55:22Z
ae9fecfb-30f1-40ea-abad-0e12c346bb2f,usr_hsct00067,Page Viewed,2026-02-02T10:00:00Z,2026-04-13T15:55:22Z
d583cc81-fe7c-4f77-875e-46f31c9a6f07,usr_hsct00039,Page Viewed,2026-02-02T10:00:00Z,2026-04-13T15:55:22Z
2c4b6fe0-6f2c-488e-9d06-2b59f0a90f34,usr_hsct00039,Page Viewed,2026-02-02T10:00:00Z,2026-04-13T15:55:22Z
84dd6bd8-8656-482c-9537-7e2449048447,usr_hsct00028,Pricing Visited,2026-02-02T10:00:00Z,2026-04-13T15:55:22Z
c21b6a1d-74b2-4bc5-a053-9be0754b6007,usr_hsct00003,Pricing Visited,2026-02-02T10:00:00Z,2026-04-13T15:55:22Z
164f3328-a4b1-4fc9-acd9-dedd95ab3e94,usr_hsct00071,Page Viewed,2026-02-03T10:00:00Z,2026-04-13T15:55:22Z
fbab0500-c099-4ad4-a848-a2cbcc1f012b,usr_hsct00013,Page Viewed,2026-02-03T10:00:00Z,2026-04-13T15:55:22Z
351dc9a6-436d-4d79-9e3d-9d92b53cb20f,usr_hsct00059,Pricing Visited,2026-02-03T10:00:00Z,2026-04-13T15:55:22Z
ed8bb5f2-0ccd-4c42-ab0a-9d0cb8e208fe,usr_hsct00020,Page Viewed,2026-02-03T10:00:00Z,2026-04-13T15:55:22Z
1eee5ca2-c795-450f-af14-19486d3af4ed,usr_hsct00034,Pricing Visited,2026-02-03T10:00:00Z,2026-04-13T15:55:22Z
4ca32f9d-9cac-44ca-9c0b-6483af8d3b77,usr_hsct00075,Page Viewed,2026-02-03T10:00:00Z,2026-04-13T15:55:22Z
b1a8a31a-98eb-4a64-ab79-755429aaf13a,usr_hsct00030,Pricing Visited,2026-02-03T10:00:00Z,2026-04-13T15:55:22Z
ec4bad10-1275-4d30-a48a-3ed3c3540e3f,usr_hsct00039,Page Viewed,2026-02-03T10:00:00Z,2026-04-13T15:55:22Z
ef52e4b8-cb08-47b8-bf06-ba8baebbf569,usr_hsct00074,Pricing Visited,2026-02-03T10:00:00Z,2026-04-13T15:55:22Z
28d73764-d9ec-4dc5-80fc-e06b720b1185,usr_hsct00073,Page Viewed,2026-02-03T10:00:00Z,2026-04-13T15:55:22Z
6098b2c2-854c-4de4-b491-5c33462a1e9a,usr_hsct00094,Page Viewed,2026-02-04T10:00:00Z,2026-04-13T15:55:22Z
bf16a2b4-fe11-4ec1-b08d-8f7f3d5db824,usr_hsct00093,Pricing Visited,2026-02-04T10:00:00Z,2026-04-13T15:55:22Z
8fb297a6-6c3e-412f-9bae-379907213441,usr_hsct00062,Page Viewed,2026-02-04T10:00:00Z,2026-04-13T15:55:22Z
0319286a-af67-474a-b1d0-23f5afddaf52,usr_hsct00063,Page Viewed,2026-02-04T10:00:00Z,2026-04-13T15:55:22Z
4e39d1d0-99f7-4201-b575-0e73975a08a0,usr_hsct00077,Pricing Visited,2026-02-04T10:00:00Z,2026-04-13T15:55:22Z
b0911840-7518-4044-aaaa-fa42d3ca55ae,usr_hsct00005,Pricing Visited,2026-02-04T10:00:00Z,2026-04-13T15:55:22Z
8ca07a1f-cc2a-452b-9581-5c2482cf39b2,usr_hsct00011,Page Viewed,2026-02-04T10:00:00Z,2026-04-13T15:55:22Z
e7983036-33b2-44b5-9b84-56c1e0783731,usr_hsct00099,Pricing Visited,2026-02-04T10:00:00Z,2026-04-13T15:55:22Z
9c0b7093-a2cd-4a4f-b7c3-01094ff32714,usr_hsct00045,Pricing Visited,2026-02-04T10:00:00Z,2026-04-13T15:55:22Z
5a6b2b00-aa2e-4e10-9c93-42d56e375378,usr_hsct00054,Page Viewed,2026-02-04T10:00:00Z,2026-04-13T15:55:22Z
0ab0dfff-e561-4f4f-9b33-832bff261be9,usr_hsct00099,Page Viewed,2026-02-05T10:00:00Z,2026-04-13T15:55:22Z
b129efa6-c310-4ee6-a8e4-e640402b6625,usr_hsct00096,Page Viewed,2026-02-05T10:00:00Z,2026-04-13T15:55:22Z
d212b9da-7790-4ec7-aa7e-2c45cec92e47,usr_hsct00082,Pricing Visited,2026-02-05T10:00:00Z,2026-04-13T15:55:22Z
3e571484-7f30-4dfe-ba87-3798ccbc3353,usr_hsct00007,Pricing Visited,2026-02-05T10:00:00Z,2026-04-13T15:55:22Z
c15535b6-5e20-4b64-b2f4-9378c02eb081,usr_hsct00068,Page Viewed,2026-02-05T10:00:00Z,2026-04-13T15:55:22Z
d1fb5ca0-4701-4931-b8e4-e3b8d911007d,usr_hsct00041,Page Viewed,2026-02-05T10:00:00Z,2026-04-13T15:55:22Z
d2437ba0-5b55-4663-86bb-7024ab880fdb,usr_hsct00042,Page Viewed,2026-02-05T10:00:00Z,2026-04-13T15:55:22Z
5fc4c9b0-48fa-45fe-b3c6-e3e71da9986f,usr_hsct00020,Page Viewed,2026-02-05T10:00:00Z,2026-04-13T15:55:22Z
9b7542d1-abb2-4993-934d-d90cb911e07b,usr_hsct00087,Pricing Visited,2026-02-05T10:00:00Z,2026-04-13T15:55:22Z
412acc38-b410-491b-8cee-4f552cf2fc38,usr_hsct00058,Page Viewed,2026-02-05T10:00:00Z,2026-04-13T15:55:22Z
26ef5411-ef58-498d-9785-c639c6daef50,usr_hsct00029,Pricing Visited,2026-02-06T10:00:00Z,2026-04-13T15:55:22Z
76276323-5fd3-4a50-a297-10644cfc56be,usr_hsct00038,Pricing Visited,2026-02-06T10:00:00Z,2026-04-13T15:55:22Z
eb6bc542-7d08-4053-8303-7389ecbbf26e,usr_hsct00019,Page Viewed,2026-02-06T10:00:00Z,2026-04-13T15:55:22Z
464789e4-2aab-486a-9eeb-450c1740a239,usr_hsct00044,Page Viewed,2026-02-06T10:00:00Z,2026-04-13T15:55:22Z
052539ba-8a17-4ceb-a246-8ffc1d3833f1,usr_hsct00061,Page Viewed,2026-02-06T10:00:00Z,2026-04-13T15:55:22Z
168d35dc-58d8-4bae-a2b1-ade6a51969b5,usr_hsct00071,Pricing Visited,2026-02-06T10:00:00Z,2026-04-13T15:55:22Z
0a229641-0db0-41f2-8013-56cb94561844,usr_hsct00034,Page Viewed,2026-02-06T10:00:00Z,2026-04-13T15:55:22Z
3aca1f07-5e86-419a-8824-8e1a68784601,usr_hsct00052,Pricing Visited,2026-02-06T10:00:00Z,2026-04-13T15:55:22Z
fa6aaf05-201d-45d6-a991-6c67477d2e04,usr_hsct00100,Page Viewed,2026-02-06T10:00:00Z,2026-04-13T15:55:22Z
aadddf4f-27d7-4f26-8544-65495e15ecc1,usr_hsct00098,Page Viewed,2026-02-06T10:00:00Z,2026-04-13T15:55:22Z
34eabe4a-fc2b-4248-b6b8-aa4068d32c46,usr_hsct00062,Page Viewed,2026-02-07T10:00:00Z,2026-04-13T15:55:22Z
04c5f56a-2f90-4bc8-beda-6cbef2e40be3,usr_hsct00063,Pricing Visited,2026-02-07T10:00:00Z,2026-04-13T15:55:22Z
2503a68f-4d88-4897-b9b4-4d2fbe5af9cf,usr_hsct00084,Page Viewed,2026-02-07T10:00:00Z,2026-04-13T15:55:22Z
7e91500f-d77b-4c72-9aa7-d8f05420042c,usr_hsct00072,Page Viewed,2026-02-07T10:00:00Z,2026-04-13T15:55:22Z
303e73dd-4442-4a66-bdf1-7ad5e3423e1c,usr_hsct00032,Page Viewed,2026-02-07T10:00:00Z,2026-04-13T15:55:22Z
dca99150-d10e-4ea4-8edd-d270cfa10cf8,usr_hsct00035,Pricing Visited,2026-02-07T10:00:00Z,2026-04-13T15:55:22Z
47116271-afa8-4576-9010-c2d5f9eb6920,usr_hsct00042,Page Viewed,2026-02-07T10:00:00Z,2026-04-13T15:55:22Z
fbca3a79-d7a2-4ccf-a8c9-1530ffcbd02c,usr_hsct00015,Pricing Visited,2026-02-07T10:00:00Z,2026-04-13T15:55:22Z
383273e8-4e07-4aae-820f-1b6776a1e7e2,usr_hsct00055,Pricing Visited,2026-02-07T10:00:00Z,2026-04-13T15:55:22Z
68e7cf33-128b-4f76-b8dc-68da17c2ff19,usr_hsct00045,Page Viewed,2026-02-07T10:00:00Z,2026-04-13T15:55:22Z
2630f71d-747a-44cb-90d2-2abc3df0e4d7,usr_hsct00042,Pricing Visited,2026-02-08T10:00:00Z,2026-04-13T15:55:22Z
c7ec686d-1485-42b4-a99d-d5d0c2b7d8ff,usr_hsct00077,Page Viewed,2026-02-08T10:00:00Z,2026-04-13T15:55:22Z
cb33273a-fd90-49db-96ed-0f0e35996980,usr_hsct00099,Pricing Visited,2026-02-08T10:00:00Z,2026-04-13T15:55:22Z
563d414d-d764-432d-aecd-16e5bd04c578,usr_hsct00022,Pricing Visited,2026-02-08T10:00:00Z,2026-04-13T15:55:22Z
21d029b1-5bab-4900-8df2-dbbdba0b0216,usr_hsct00079,Pricing Visited,2026-02-08T10:00:00Z,2026-04-13T15:55:22Z
440adcc6-abe2-4ffe-8025-f232fbb561fd,usr_hsct00080,Page Viewed,2026-02-08T10:00:00Z,2026-04-13T15:55:22Z
bfda9807-3251-476c-8013-0e7b91fe4508,usr_hsct00057,Page Viewed,2026-02-08T10:00:00Z,2026-04-13T15:55:22Z
f6d82ecb-4db7-4d32-8e07-e9e8f98625e7,usr_hsct00030,Page Viewed,2026-02-08T10:00:00Z,2026-04-13T15:55:22Z
6166bb36-fe32-4243-b1a9-745c8e6d4414,usr_hsct00088,Pricing Visited,2026-02-08T10:00:00Z,2026-04-13T15:55:22Z
1d03bbb7-cd84-450b-92a7-88933a50df68,usr_hsct00020,Page Viewed,2026-02-08T10:00:00Z,2026-04-13T15:55:22Z
f4b426cd-af85-4757-a638-92917243e1c4,usr_hsct00015,Page Viewed,2026-02-09T10:00:00Z,2026-04-13T15:55:22Z
5c24a165-9ea9-4bda-9f59-ca4be16ebbad,usr_hsct00032,Page Viewed,2026-02-09T10:00:00Z,2026-04-13T15:55:22Z
e0c76e2a-7d21-40bf-a82e-c6fd44005609,usr_hsct00037,Page Viewed,2026-02-09T10:00:00Z,2026-04-13T15:55:22Z
42eb2fe4-27e0-4ba2-a610-9bdce7d6e6fd,usr_hsct00044,Page Viewed,2026-02-09T10:00:00Z,2026-04-13T15:55:22Z
898d33a9-961f-43c4-8f5b-005580e2f248,usr_hsct00040,Pricing Visited,2026-02-09T10:00:00Z,2026-04-13T15:55:22Z
ffcf166e-c993-4b97-9a7c-1afc57504252,usr_hsct00061,Page Viewed,2026-02-09T10:00:00Z,2026-04-13T15:55:22Z
436e1180-76f2-4bd3-9d20-43deb5af8168,usr_hsct00043,Page Viewed,2026-02-09T10:00:00Z,2026-04-13T15:55:22Z
263bbdf1-65d0-41db-8384-9c9634fbf958,usr_hsct00095,Page Viewed,2026-02-09T10:00:00Z,2026-04-13T15:55:22Z
8446ac12-330a-42a0-b849-0d33f82972bf,usr_hsct00027,Pricing Visited,2026-02-09T10:00:00Z,2026-04-13T15:55:22Z
97cf59c4-4625-4b8d-a658-90ac639018ea,usr_hsct00071,Pricing Visited,2026-02-09T10:00:00Z,2026-04-13T15:55:22Z
5d45b48d-2e59-4f1c-88ad-13af3109b512,usr_hsct00080,Page Viewed,2026-02-10T10:00:00Z,2026-04-13T15:55:22Z
7921e11f-64de-467e-869c-44fb5911a3ed,usr_hsct00089,Page Viewed,2026-02-10T10:00:00Z,2026-04-13T15:55:22Z
1a7941b2-0bd4-4ce7-8fe0-f0daa5f2df57,usr_hsct00049,Page Viewed,2026-02-10T10:00:00Z,2026-04-13T15:55:22Z
2863b557-a933-498d-9aa7-8c4a8a0f9254,usr_hsct00033,Page Viewed,2026-02-10T10:00:00Z,2026-04-13T15:55:22Z
5046863c-d4b0-4569-8e0b-23ecdc0b68ec,usr_hsct00008,Pricing Visited,2026-02-10T10:00:00Z,2026-04-13T15:55:22Z
de18368d-5e18-4adb-826f-e3140c43b4b3,usr_hsct00026,Pricing Visited,2026-02-10T10:00:00Z,2026-04-13T15:55:22Z
37b87bbe-b36c-4a6e-907e-fd89e58ae432,usr_hsct00007,Pricing Visited,2026-02-10T10:00:00Z,2026-04-13T15:55:22Z
a1e1ba17-f30e-4bc8-b94e-49c1e0def258,usr_hsct00084,Page Viewed,2026-02-10T10:00:00Z,2026-04-13T15:55:22Z
c2a818ab-5e1b-447a-8053-54dc24be9278,usr_hsct00009,Pricing Visited,2026-02-10T10:00:00Z,2026-04-13T15:55:22Z
9902b7b3-fe86-4ebd-8c65-1826d49667ee,usr_hsct00085,Pricing Visited,2026-02-10T10:00:00Z,2026-04-13T15:55:22Z
3af76059-f057-4803-97d9-4453454896b2,usr_hsct00085,Pricing Visited,2026-02-11T10:00:00Z,2026-04-13T15:55:22Z
bad53780-9518-4a97-93f3-ad82eedc646e,usr_hsct00014,Page Viewed,2026-02-11T10:00:00Z,2026-04-13T15:55:22Z
ca8cd863-674c-4192-ad35-a6e296c1d5fd,usr_hsct00038,Pricing Visited,2026-02-11T10:00:00Z,2026-04-13T15:55:22Z
ec3e4822-55de-40e1-ad0e-99bb99bc55b2,usr_hsct00030,Pricing Visited,2026-02-11T10:00:00Z,2026-04-13T15:55:22Z
52900346-12d1-483e-a0d8-eae51cbcf26e,usr_hsct00066,Page Viewed,2026-02-11T10:00:00Z,2026-04-13T15:55:22Z
9ed7d947-d1d5-4f06-83b1-b5942083ffd3,usr_hsct00041,Pricing Visited,2026-02-11T10:00:00Z,2026-04-13T15:55:22Z
11661f42-10e2-4967-99f2-c3b114a2f40b,usr_hsct00077,Page Viewed,2026-02-11T10:00:00Z,2026-04-13T15:55:22Z
144bbe37-17dc-440d-829c-5dd6058d9739,usr_hsct00024,Page Viewed,2026-02-11T10:00:00Z,2026-04-13T15:55:22Z
f3055b16-7bfa-4d7b-a115-6a16eb930dbc,usr_hsct00065,Pricing Visited,2026-02-11T10:00:00Z,2026-04-13T15:55:22Z
425b0b18-cfe7-4252-9bf2-a8440d920171,usr_hsct00072,Page Viewed,2026-02-11T10:00:00Z,2026-04-13T15:55:22Z
6ab1b6b6-cb14-4704-b509-dd8166280cf6,usr_hsct00006,Page Viewed,2026-02-12T10:00:00Z,2026-04-13T15:55:22Z
c644bfa9-8a32-477f-9176-ebf7e4363a64,usr_hsct00068,Pricing Visited,2026-02-12T10:00:00Z,2026-04-13T15:55:22Z
33d65776-4e3e-4ab7-84fb-391e337e41e0,usr_hsct00043,Pricing Visited,2026-02-12T10:00:00Z,2026-04-13T15:55:22Z
64112cec-0729-4c72-899e-bbb444bdadc8,usr_hsct00051,Page Viewed,2026-02-12T10:00:00Z,2026-04-13T15:55:22Z
5014d77d-4afa-4a0a-965c-b664cfa3d8ca,usr_hsct00003,Pricing Visited,2026-02-12T10:00:00Z,2026-04-13T15:55:22Z
5e25ea27-3e5b-4f41-91d6-6c8a947ebbbf,usr_hsct00088,Pricing Visited,2026-02-12T10:00:00Z,2026-04-13T15:55:22Z
e65d550d-cfdc-4994-8335-47f71889a748,usr_hsct00046,Pricing Visited,2026-02-12T10:00:00Z,2026-04-13T15:55:22Z
cb40597f-0e6a-4276-a9c0-aead69d40a2a,usr_hsct00031,Pricing Visited,2026-02-12T10:00:00Z,2026-04-13T15:55:22Z
f5dacc78-221c-47e2-9168-46aab905da32,usr_hsct00008,Pricing Visited,2026-02-12T10:00:00Z,2026-04-13T15:55:22Z
b4ae786d-3b15-41a1-9581-ac56d40bc6ab,usr_hsct00050,Page Viewed,2026-02-12T10:00:00Z,2026-04-13T15:55:22Z
ca4db7a4-4706-4e29-81ca-ab072037fe76,usr_hsct00072,Pricing Visited,2026-02-13T10:00:00Z,2026-04-13T15:55:22Z
e3f3c19d-e4ac-4aaa-ac87-f1e43c3719e0,usr_hsct00029,Page Viewed,2026-02-13T10:00:00Z,2026-04-13T15:55:22Z
f46f5b03-3d03-484b-9a3f-c308f29ef2f6,usr_hsct00044,Pricing Visited,2026-02-13T10:00:00Z,2026-04-13T15:55:22Z
5dad7773-0106-4066-8801-e85b6f595096,usr_hsct00085,Page Viewed,2026-02-13T10:00:00Z,2026-04-13T15:55:22Z
91cfdfb8-10d2-43c1-8364-f7d99acdd791,usr_hsct00012,Pricing Visited,2026-02-13T10:00:00Z,2026-04-13T15:55:22Z
ce024d57-9285-443e-af75-ed7bb8e2c989,usr_hsct00067,Page Viewed,2026-02-13T10:00:00Z,2026-04-13T15:55:22Z
fab5b59b-49a1-4bf3-8f1a-5f7dbd79d8e5,usr_hsct00054,Page Viewed,2026-02-13T10:00:00Z,2026-04-13T15:55:22Z
424d1c2a-b27a-473e-ad2c-355eab0b0bc9,usr_hsct00074,Page Viewed,2026-02-13T10:00:00Z,2026-04-13T15:55:22Z
f4c125dc-8b1e-4cac-9add-e5057bd31b0c,usr_hsct00055,Pricing Visited,2026-02-13T10:00:00Z,2026-04-13T15:55:22Z
ac38fb2f-1ffd-4cad-a8ba-52c853bb05a2,usr_hsct00078,Pricing Visited,2026-02-13T10:00:00Z,2026-04-13T15:55:22Z
f3abdff5-726f-42ad-b5ec-c3a41609ed1c,usr_hsct00058,Page Viewed,2026-02-14T10:00:00Z,2026-04-13T15:55:22Z
bf8b250b-4f16-41fe-b8ee-f40bee7a6083,usr_hsct00027,Page Viewed,2026-02-14T10:00:00Z,2026-04-13T15:55:22Z
a5d9071c-4094-4709-a668-32bb7a0a9cce,usr_hsct00075,Page Viewed,2026-02-14T10:00:00Z,2026-04-13T15:55:22Z
665b3857-2f3c-4305-9bd1-e24b68bf0e07,usr_hsct00018,Pricing Visited,2026-02-14T10:00:00Z,2026-04-13T15:55:22Z
9ef23204-3d9d-4865-bb4a-fbeaf92e93a3,usr_hsct00089,Page Viewed,2026-02-14T10:00:00Z,2026-04-13T15:55:22Z
5ec8b11c-cb64-4c4b-b2bb-dedc6448ebe6,usr_hsct00056,Page Viewed,2026-02-14T10:00:00Z,2026-04-13T15:55:22Z
a41c1f75-ffb5-4909-8bf3-dc0aef7115fb,usr_hsct00084,Page Viewed,2026-02-14T10:00:00Z,2026-04-13T15:55:22Z
ee33160e-f986-4d30-8a38-ecd5039fd7ab,usr_hsct00041,Page Viewed,2026-02-14T10:00:00Z,2026-04-13T15:55:22Z
c6226be4-ef65-4cff-b5c5-b1f4bf49c0a7,usr_hsct00072,Page Viewed,2026-02-14T10:00:00Z,2026-04-13T15:55:22Z
c03d3564-40da-4a40-9995-6ad6b6bf4424,usr_hsct00024,Pricing Visited,2026-02-14T10:00:00Z,2026-04-13T15:55:22Z
126382b4-95ff-47e5-ae06-ec688598d098,usr_hsct00019,Page Viewed,2026-02-15T10:00:00Z,2026-04-13T15:55:22Z
d7737690-3b90-4a74-be5e-656cae397919,usr_hsct00098,Pricing Visited,2026-02-15T10:00:00Z,2026-04-13T15:55:22Z
65df1737-f889-4dfd-a1dc-c0d11ae4a1a3,usr_hsct00053,Pricing Visited,2026-02-15T10:00:00Z,2026-04-13T15:55:22Z
bdda1af9-b6f3-44ea-a396-7ef9b81479ca,usr_hsct00039,Pricing Visited,2026-02-15T10:00:00Z,2026-04-13T15:55:22Z
f2a374e4-6e4f-4ca8-b226-411d335a4d1c,usr_hsct00096,Pricing Visited,2026-02-15T10:00:00Z,2026-04-13T15:55:22Z
2b51f1e2-ba80-4842-b2ac-43a7be6f3c43,usr_hsct00020,Page Viewed,2026-02-15T10:00:00Z,2026-04-13T15:55:22Z
b0083380-3f39-4f10-91a6-23a75ced0380,usr_hsct00014,Page Viewed,2026-02-15T10:00:00Z,2026-04-13T15:55:22Z
f2eb8a2b-eacf-4dfa-8794-05717f8e6c7e,usr_hsct00024,Page Viewed,2026-02-15T10:00:00Z,2026-04-13T15:55:22Z
4ad8ab3c-3b8c-428a-8ab6-12dedbf9f2fa,usr_hsct00098,Pricing Visited,2026-02-15T10:00:00Z,2026-04-13T15:55:22Z
aee594c6-6c38-44b7-b187-3898af1f6abc,usr_hsct00078,Page Viewed,2026-02-15T10:00:00Z,2026-04-13T15:55:22Z
a1617062-c418-4392-a0be-9bf02e90ae62,usr_hsct00077,Page Viewed,2026-02-16T10:00:00Z,2026-04-13T15:55:22Z
bd260288-4fef-4939-9349-1ff7a3bedf02,usr_hsct00030,Page Viewed,2026-02-16T10:00:00Z,2026-04-13T15:55:22Z
e23c2e8e-5fab-4c0c-b0cc-ea0a1f1760a5,usr_hsct00046,Page Viewed,2026-02-16T10:00:00Z,2026-04-13T15:55:22Z
28f14911-03b1-40d9-a121-7d1f3cb5c216,usr_hsct00089,Pricing Visited,2026-02-16T10:00:00Z,2026-04-13T15:55:22Z
e1c37676-cce1-4ace-99e1-af47cc225150,usr_hsct00018,Pricing Visited,2026-02-16T10:00:00Z,2026-04-13T15:55:22Z
fa4b26f7-3a70-44ce-be23-5462c6b295d9,usr_hsct00092,Pricing Visited,2026-02-16T10:00:00Z,2026-04-13T15:55:22Z
e153f4d5-5e40-406a-a426-b1f8b4de9751,usr_hsct00024,Pricing Visited,2026-02-16T10:00:00Z,2026-04-13T15:55:22Z
d4b5ba00-a170-4445-9014-7282b572a645,usr_hsct00063,Pricing Visited,2026-02-16T10:00:00Z,2026-04-13T15:55:22Z
8ca4ce8c-a5c8-4396-b56a-f4a06b7fc483,usr_hsct00018,Page Viewed,2026-02-16T10:00:00Z,2026-04-13T15:55:22Z
9dc17962-a473-4845-b1c0-25be37a05761,usr_hsct00025,Page Viewed,2026-02-16T10:00:00Z,2026-04-13T15:55:22Z
62776923-b47e-4993-a17b-4668e787f9b5,usr_hsct00005,Pricing Visited,2026-02-17T10:00:00Z,2026-04-13T15:55:22Z
82bcc762-9892-4c96-aa9e-87eeb515508e,usr_hsct00098,Page Viewed,2026-02-17T10:00:00Z,2026-04-13T15:55:22Z
ad7f4e83-6c91-4214-86d9-88cbf49c4b65,usr_hsct00035,Pricing Visited,2026-02-17T10:00:00Z,2026-04-13T15:55:22Z
ffec80a3-5dc6-4ff0-ba9a-e62def159567,usr_hsct00029,Page Viewed,2026-02-17T10:00:00Z,2026-04-13T15:55:22Z
9c3bb803-38a9-4acc-a4fd-b116d30115af,usr_hsct00097,Page Viewed,2026-02-17T10:00:00Z,2026-04-13T15:55:22Z
91bfc34e-15f0-4678-97ef-d7fa59f9cea8,usr_hsct00009,Page Viewed,2026-02-17T10:00:00Z,2026-04-13T15:55:22Z
daa604ed-2eea-4e0e-b41a-00e94ac7cc5c,usr_hsct00057,Pricing Visited,2026-02-17T10:00:00Z,2026-04-13T15:55:22Z
549606db-09dd-41b2-a4fb-ad27ca21149b,usr_hsct00089,Pricing Visited,2026-02-17T10:00:00Z,2026-04-13T15:55:22Z
e49120cf-9566-4e53-9345-4c04a37b97da,usr_hsct00059,Page Viewed,2026-02-17T10:00:00Z,2026-04-13T15:55:22Z
8b40b917-2d4b-4aa2-928f-86bc00182a79,usr_hsct00055,Pricing Visited,2026-02-17T10:00:00Z,2026-04-13T15:55:22Z
df95c888-251d-4c6d-be17-f5119ec92231,usr_hsct00100,Page Viewed,2026-02-18T10:00:00Z,2026-04-13T15:55:22Z
c516d3c0-c59e-4d25-8372-e4ba2e20759e,usr_hsct00078,Pricing Visited,2026-02-18T10:00:00Z,2026-04-13T15:55:22Z
4f6e2682-2b30-463d-b0e9-8a07b4de9760,usr_hsct00093,Pricing Visited,2026-02-18T10:00:00Z,2026-04-13T15:55:22Z
d6955441-ad02-4ee3-8e3e-909486dd9dda,usr_hsct00051,Page Viewed,2026-02-18T10:00:00Z,2026-04-13T15:55:22Z
a922874f-bc7e-4042-9d49-20d0e53f49a2,usr_hsct00067,Page Viewed,2026-02-18T10:00:00Z,2026-04-13T15:55:22Z
f2944d98-6602-4464-9acd-1e6170de9fc3,usr_hsct00058,Pricing Visited,2026-02-18T10:00:00Z,2026-04-13T15:55:22Z
16d51ee9-f736-461a-b36c-2a4874f3da88,usr_hsct00006,Page Viewed,2026-02-18T10:00:00Z,2026-04-13T15:55:22Z
2c52cb98-8ec0-4488-80c8-aef7cfc4ecda,usr_hsct00067,Pricing Visited,2026-02-18T10:00:00Z,2026-04-13T15:55:22Z
339ca4aa-9bdf-485f-b46c-86cc2e5c70f9,usr_hsct00095,Page Viewed,2026-02-18T10:00:00Z,2026-04-13T15:55:22Z
d3ca177e-def7-42f6-81b7-06384cf520fb,usr_hsct00072,Pricing Visited,2026-02-18T10:00:00Z,2026-04-13T15:55:22Z
41a05be2-8fa4-490f-a4dc-36128d3aac76,usr_hsct00067,Page Viewed,2026-02-19T10:00:00Z,2026-04-13T15:55:22Z
44809dca-ea82-455d-b6f1-cea73c9ff2f6,usr_hsct00025,Pricing Visited,2026-02-19T10:00:00Z,2026-04-13T15:55:22Z
8356d79f-1f38-42bb-b03d-73edecdc03de,usr_hsct00057,Pricing Visited,2026-02-19T10:00:00Z,2026-04-13T15:55:22Z
89b3b40f-c7e8-46ed-bab6-04963ff30f35,usr_hsct00039,Pricing Visited,2026-02-19T10:00:00Z,2026-04-13T15:55:22Z
5bfa2c40-bf33-4177-a75a-a28c8a1b09bd,usr_hsct00060,Page Viewed,2026-02-19T10:00:00Z,2026-04-13T15:55:22Z
a80a966f-9eab-4662-8ee4-8a2f33f2c4d0,usr_hsct00055,Pricing Visited,2026-02-19T10:00:00Z,2026-04-13T15:55:22Z
61a9cde1-0a07-4f84-95fc-d092d734d2a2,usr_hsct00079,Page Viewed,2026-02-19T10:00:00Z,2026-04-13T15:55:22Z
c9bf5c72-b6f1-462d-a4d1-cd63b32c4aaf,usr_hsct00089,Page Viewed,2026-02-19T10:00:00Z,2026-04-13T15:55:22Z
afa89c31-2727-4cc4-8444-68dd37626017,usr_hsct00060,Pricing Visited,2026-02-19T10:00:00Z,2026-04-13T15:55:22Z
a50e408f-ad14-4e9e-8255-b2c9e30f3101,usr_hsct00012,Page Viewed,2026-02-19T10:00:00Z,2026-04-13T15:55:22Z
e3c09e75-86c0-4fd1-b673-37a7867d7e01,usr_hsct00024,Page Viewed,2026-02-20T10:00:00Z,2026-04-13T15:55:22Z
21b38a92-0967-4d46-b5c4-2b2ee6edfa83,usr_hsct00051,Pricing Visited,2026-02-20T10:00:00Z,2026-04-13T15:55:22Z
8c8eebcd-9690-4317-8b44-adc8afd5079f,usr_hsct00042,Pricing Visited,2026-02-20T10:00:00Z,2026-04-13T15:55:22Z
27854647-fe63-4b6a-acef-084900775c5a,usr_hsct00004,Page Viewed,2026-02-20T10:00:00Z,2026-04-13T15:55:22Z
9102af08-a1f2-4de2-8c8a-0dc377c0b060,usr_hsct00059,Page Viewed,2026-02-20T10:00:00Z,2026-04-13T15:55:22Z
4afa69e2-9b4f-4525-85b0-730dd36c8d2d,usr_hsct00059,Page Viewed,2026-02-20T10:00:00Z,2026-04-13T15:55:22Z
0b1e0c6c-306b-43fe-ab21-3f545856cd3e,usr_hsct00033,Pricing Visited,2026-02-20T10:00:00Z,2026-04-13T15:55:22Z
a5abb9ce-0544-4d8a-97ec-c74f289e319e,usr_hsct00089,Page Viewed,2026-02-20T10:00:00Z,2026-04-13T15:55:22Z
c4896567-a62b-4908-8635-a846c6d1a131,usr_hsct00092,Page Viewed,2026-02-20T10:00:00Z,2026-04-13T15:55:22Z
d6153f43-c9d2-4dc3-a820-227baa569394,usr_hsct00012,Page Viewed,2026-02-20T10:00:00Z,2026-04-13T15:55:22Z
381abc9c-2972-4af8-8a5f-6a7b77e08d0a,usr_hsct00091,Pricing Visited,2026-02-21T10:00:00Z,2026-04-13T15:55:22Z
191bf66a-dcdb-4103-a9b5-37dca35843f6,usr_hsct00082,Pricing Visited,2026-02-21T10:00:00Z,2026-04-13T15:55:22Z
d0278326-dcc1-48c5-b5bf-29019597cc46,usr_hsct00011,Pricing Visited,2026-02-21T10:00:00Z,2026-04-13T15:55:22Z
7755d3f1-c0ce-4800-bdbf-6d9fc49d0461,usr_hsct00094,Page Viewed,2026-02-21T10:00:00Z,2026-04-13T15:55:22Z
ce0c22ac-a7af-4e4b-a0dd-8fa644fd7323,usr_hsct00049,Pricing Visited,2026-02-21T10:00:00Z,2026-04-13T15:55:22Z
39b5d14f-0e4c-4bd4-a676-4650a98ed05d,usr_hsct00006,Page Viewed,2026-02-21T10:00:00Z,2026-04-13T15:55:22Z
35879469-799b-416c-a984-19c26d2b9ce2,usr_hsct00043,Page Viewed,2026-02-21T10:00:00Z,2026-04-13T15:55:22Z
aaf3a0bc-8563-45ed-a824-d55f10415402,usr_hsct00021,Page Viewed,2026-02-21T10:00:00Z,2026-04-13T15:55:22Z
f379d345-b5c6-431d-a616-26c752b8edbd,usr_hsct00023,Page Viewed,2026-02-21T10:00:00Z,2026-04-13T15:55:22Z
766c64c7-2094-4daf-813d-b6202689021b,usr_hsct00054,Pricing Visited,2026-02-21T10:00:00Z,2026-04-13T15:55:22Z
cbcf1eb5-535f-4b1b-8a7a-3bdee72c4f4b,usr_hsct00040,Pricing Visited,2026-02-22T10:00:00Z,2026-04-13T15:55:22Z
b89da99a-d934-45f8-bd7f-8e0c11571748,usr_hsct00037,Page Viewed,2026-02-22T10:00:00Z,2026-04-13T15:55:22Z
07723b25-2a9d-47c3-a8a2-d7143bf1c072,usr_hsct00016,Page Viewed,2026-02-22T10:00:00Z,2026-04-13T15:55:22Z
6418e9af-ff41-4994-9549-52e00bb8632a,usr_hsct00026,Page Viewed,2026-02-22T10:00:00Z,2026-04-13T15:55:22Z
99d984d5-7ce9-4837-a743-05752ba3d692,usr_hsct00080,Pricing Visited,2026-02-22T10:00:00Z,2026-04-13T15:55:22Z
a623039f-5f6b-4188-a7bf-3b3a445067f0,usr_hsct00002,Pricing Visited,2026-02-22T10:00:00Z,2026-04-13T15:55:22Z
8ae8776e-9fad-4d36-9473-226e5b9fb947,usr_hsct00064,Pricing Visited,2026-02-22T10:00:00Z,2026-04-13T15:55:22Z
6b77c71d-19ec-4579-99c2-dbe7b1f02a17,usr_hsct00070,Page Viewed,2026-02-22T10:00:00Z,2026-04-13T15:55:22Z
80344650-4255-4768-bd72-785ecd8c7f0c,usr_hsct00078,Pricing Visited,2026-02-22T10:00:00Z,2026-04-13T15:55:22Z
21ea029a-90a5-4e5b-a979-2aeb34f3d1eb,usr_hsct00031,Page Viewed,2026-02-22T10:00:00Z,2026-04-13T15:55:22Z
9a14af54-a919-4f01-b0fe-55dc69cb8915,usr_hsct00076,Pricing Visited,2026-02-23T10:00:00Z,2026-04-13T15:55:22Z
9a595b0c-636f-44cb-9c51-2d8df1220a83,usr_hsct00059,Pricing Visited,2026-02-23T10:00:00Z,2026-04-13T15:55:22Z
c5550e15-d65b-4f48-83c5-8fef72fe302e,usr_hsct00057,Page Viewed,2026-02-23T10:00:00Z,2026-04-13T15:55:22Z
82028886-b3c8-43e6-b4a1-b9f3474f1579,usr_hsct00077,Page Viewed,2026-02-23T10:00:00Z,2026-04-13T15:55:22Z
4bcbd3d9-f51a-47d1-8bae-cb3e1b08563e,usr_hsct00032,Pricing Visited,2026-02-23T10:00:00Z,2026-04-13T15:55:22Z
80f209d1-0e2f-4db9-92d0-799ad483171f,usr_hsct00080,Page Viewed,2026-02-23T10:00:00Z,2026-04-13T15:55:22Z
5df0db83-3b00-4e0b-b0b1-d0df0dd44ff6,usr_hsct00007,Page Viewed,2026-02-23T10:00:00Z,2026-04-13T15:55:22Z
018177b9-6f88-4185-aeaf-d591996cf10c,usr_hsct00019,Page Viewed,2026-02-23T10:00:00Z,2026-04-13T15:55:22Z
ea86b936-6014-4332-bc7e-0ab9dedc70d5,usr_hsct00084,Pricing Visited,2026-02-23T10:00:00Z,2026-04-13T15:55:22Z
084cd6c8-8dad-48e0-8f21-faf154bef620,usr_hsct00005,Page Viewed,2026-02-23T10:00:00Z,2026-04-13T15:55:22Z
ccc0865d-1961-463f-956a-df2ded0a6397,usr_hsct00005,Pricing Visited,2026-02-24T10:00:00Z,2026-04-13T15:55:22Z
14f43a58-65f0-4a4f-ae42-2e302e24e7e6,usr_hsct00043,Page Viewed,2026-02-24T10:00:00Z,2026-04-13T15:55:22Z
22526118-f2e8-481e-be60-5a996d1a0f28,usr_hsct00007,Page Viewed,2026-02-24T10:00:00Z,2026-04-13T15:55:22Z
a7b858ac-66e3-41d2-991b-6124c750a5e3,usr_hsct00054,Page Viewed,2026-02-24T10:00:00Z,2026-04-13T15:55:22Z
3235ce22-6382-444f-a63a-361ada6d1f05,usr_hsct00021,Pricing Visited,2026-02-24T10:00:00Z,2026-04-13T15:55:22Z
0cf8fc69-e849-422b-b1c7-0447b405a881,usr_hsct00079,Page Viewed,2026-02-24T10:00:00Z,2026-04-13T15:55:22Z
8bcca73d-d4b8-4452-b695-d884847d96e4,usr_hsct00059,Pricing Visited,2026-02-24T10:00:00Z,2026-04-13T15:55:22Z
8bef7f95-6d76-4a41-b7b5-cd68a5b2862d,usr_hsct00005,Page Viewed,2026-02-24T10:00:00Z,2026-04-13T15:55:22Z
6bbd376a-2319-4ca3-93a3-9492a89cca62,usr_hsct00099,Pricing Visited,2026-02-24T10:00:00Z,2026-04-13T15:55:22Z
474b706c-f095-45d0-a8ff-937b4ad6380b,usr_hsct00042,Pricing Visited,2026-02-24T10:00:00Z,2026-04-13T15:55:22Z
21574429-c370-4d9f-a1a9-b1be52e89b0d,usr_hsct00049,Page Viewed,2026-02-25T10:00:00Z,2026-04-13T15:55:22Z
a97a46c1-d84f-40d2-b4e6-4b1e1aa49b4e,usr_hsct00098,Pricing Visited,2026-02-25T10:00:00Z,2026-04-13T15:55:22Z
6c1a12fa-5431-485c-b5bb-6fd59b0a51e9,usr_hsct00071,Page Viewed,2026-02-25T10:00:00Z,2026-04-13T15:55:22Z
cf195475-7eaf-4d5c-a86b-71f1c89ba4a5,usr_hsct00038,Pricing Visited,2026-02-25T10:00:00Z,2026-04-13T15:55:22Z
81b013dd-2a49-44db-9413-a04515742945,usr_hsct00018,Page Viewed,2026-02-25T10:00:00Z,2026-04-13T15:55:22Z
6594445c-319e-48b0-afd7-13c6cacdcf22,usr_hsct00089,Pricing Visited,2026-02-25T10:00:00Z,2026-04-13T15:55:22Z
79302a2b-3f1b-4ca7-96b3-4d9d81c57b6d,usr_hsct00043,Pricing Visited,2026-02-25T10:00:00Z,2026-04-13T15:55:22Z
94bf5160-90f4-4f58-b833-cc6589a5b0d3,usr_hsct00068,Page Viewed,2026-02-25T10:00:00Z,2026-04-13T15:55:22Z
4670cdc0-a18e-4cc7-bc02-7e01620c3a04,usr_hsct00090,Page Viewed,2026-02-25T10:00:00Z,2026-04-13T15:55:22Z
e72aaea9-a259-414c-99ab-b4599ed92ef1,usr_hsct00079,Page Viewed,2026-02-25T10:00:00Z,2026-04-13T15:55:22Z
d4c0a0e3-8213-487f-be7e-b5611c629f33,usr_hsct00014,Page Viewed,2026-02-26T10:00:00Z,2026-04-13T15:55:22Z
467054f3-261a-4a4c-967e-bdf5d6f418ab,usr_hsct00062,Pricing Visited,2026-02-26T10:00:00Z,2026-04-13T15:55:22Z
60fe6dc9-8854-4531-b9dd-656ff8355519,usr_hsct00055,Pricing Visited,2026-02-26T10:00:00Z,2026-04-13T15:55:22Z
2e7580f8-e2f7-4171-a5e1-b2fb8f686ef7,usr_hsct00034,Pricing Visited,2026-02-26T10:00:00Z,2026-04-13T15:55:22Z
ed7e5afc-95ad-44cb-897b-ae0d987b37a4,usr_hsct00017,Pricing Visited,2026-02-26T10:00:00Z,2026-04-13T15:55:22Z
60dd4f0a-e60b-41fe-960f-b34c70b07301,usr_hsct00067,Pricing Visited,2026-02-26T10:00:00Z,2026-04-13T15:55:22Z
90f591ab-4989-443b-8d30-b7d29c3649e8,usr_hsct00064,Page Viewed,2026-02-26T10:00:00Z,2026-04-13T15:55:22Z
8175af89-156d-423b-9b02-32b4526c9e01,usr_hsct00079,Page Viewed,2026-02-26T10:00:00Z,2026-04-13T15:55:22Z
19ee1b9c-db9f-4fe9-a17a-3a80bd8550d1,usr_hsct00091,Pricing Visited,2026-02-26T10:00:00Z,2026-04-13T15:55:22Z
ada59837-a38f-40a8-9fe1-55588ab5ccd3,usr_hsct00025,Page Viewed,2026-02-26T10:00:00Z,2026-04-13T15:55:22Z
86f23b53-9623-498f-8d60-c91729a9d116,usr_hsct00016,Page Viewed,2026-02-27T10:00:00Z,2026-04-13T15:55:22Z
207ba191-f6df-4fdd-90d7-72e2db4d2f81,usr_hsct00060,Page Viewed,2026-02-27T10:00:00Z,2026-04-13T15:55:22Z
0cc83b43-bcb3-497f-af74-d7f8e32bf806,usr_hsct00095,Page Viewed,2026-02-27T10:00:00Z,2026-04-13T15:55:22Z
ef8ab48d-9bea-470b-8071-88b926a37997,usr_hsct00079,Pricing Visited,2026-02-27T10:00:00Z,2026-04-13T15:55:22Z
fe1f8bb8-4224-4260-82cd-7b5249c1f2c8,usr_hsct00053,Page Viewed,2026-02-27T10:00:00Z,2026-04-13T15:55:22Z
d6dfa32f-4362-4bbf-91b6-4f7225d2d2e7,usr_hsct00043,Pricing Visited,2026-02-27T10:00:00Z,2026-04-13T15:55:22Z
3c3793e5-0194-4839-b762-363a852c83a3,usr_hsct00072,Page Viewed,2026-02-27T10:00:00Z,2026-04-13T15:55:22Z
86cc2c53-8d66-422b-b0b1-c1c84ebcaa21,usr_hsct00002,Page Viewed,2026-02-27T10:00:00Z,2026-04-13T15:55:22Z
f4aeef86-9a08-49ca-abe1-36b7be68e097,usr_hsct00089,Pricing Visited,2026-02-27T10:00:00Z,2026-04-13T15:55:22Z
35595982-9679-40a0-86c1-4286b747e9d4,usr_hsct00033,Page Viewed,2026-02-27T10:00:00Z,2026-04-13T15:55:22Z
1080b145-2ad0-48d4-8ca6-ecae6c0dbe28,usr_hsct00040,Pricing Visited,2026-02-28T10:00:00Z,2026-04-13T15:55:22Z
13a940ea-7f72-4bba-9d62-46f2671dd8a6,usr_hsct00065,Pricing Visited,2026-02-28T10:00:00Z,2026-04-13T15:55:22Z
8c48b362-47dc-4556-9e0b-38e9455855b8,usr_hsct00099,Page Viewed,2026-02-28T10:00:00Z,2026-04-13T15:55:22Z
00ff1921-d846-4913-9826-d4dcf565421b,usr_hsct00015,Pricing Visited,2026-02-28T10:00:00Z,2026-04-13T15:55:22Z
22aa5fa3-3f00-4916-8c36-99660affd34d,usr_hsct00044,Pricing Visited,2026-02-28T10:00:00Z,2026-04-13T15:55:22Z
8224a75f-c44c-4254-a430-21836032e5e6,usr_hsct00093,Page Viewed,2026-02-28T10:00:00Z,2026-04-13T15:55:22Z
454a4c48-ef15-48d8-94b6-5a11847c3d5d,usr_hsct00023,Page Viewed,2026-02-28T10:00:00Z,2026-04-13T15:55:22Z
2730613a-9d64-4104-9401-fc53b7d62e1e,usr_hsct00043,Pricing Visited,2026-02-28T10:00:00Z,2026-04-13T15:55:22Z
f446fed3-c4ca-478f-87e2-89d2a05f668b,usr_hsct00087,Pricing Visited,2026-02-28T10:00:00Z,2026-04-13T15:55:22Z
d7ba9a7c-b2ac-489f-8c88-a8123272a967,usr_hsct00061,Page Viewed,2026-02-28T10:00:00Z,2026-04-13T15:55:22Z
99abeacf-e82b-4103-a0a6-ae7586478507,usr_hsct00083,Page Viewed,2026-03-01T10:00:00Z,2026-04-13T15:55:22Z
2ff4ae60-2754-44f4-94f6-d166121eceec,usr_hsct00062,Page Viewed,2026-03-01T10:00:00Z,2026-04-13T15:55:22Z
75a92b74-4709-4a23-9092-ed666e976bff,usr_hsct00081,Pricing Visited,2026-03-01T10:00:00Z,2026-04-13T15:55:22Z
707dc313-0de3-4268-8084-88514d0f30ce,usr_hsct00069,Pricing Visited,2026-03-01T10:00:00Z,2026-04-13T15:55:22Z
a7754d37-0771-4988-9f15-8db3fe8f405c,usr_hsct00060,Pricing Visited,2026-03-01T10:00:00Z,2026-04-13T15:55:22Z
2c070427-3b77-4cf4-83be-35456cf98a95,usr_hsct00096,Page Viewed,2026-03-01T10:00:00Z,2026-04-13T15:55:22Z
fc34e3be-e8f7-4941-8c8d-9cebfc199434,usr_hsct00067,Pricing Visited,2026-03-01T10:00:00Z,2026-04-13T15:55:22Z
f98c2a01-e5f5-465d-8193-eb841a7f46c6,usr_hsct00073,Pricing Visited,2026-03-01T10:00:00Z,2026-04-13T15:55:22Z
9fda374b-b458-4dd0-bce9-b4dfc6cf407a,usr_hsct00072,Page Viewed,2026-03-01T10:00:00Z,2026-04-13T15:55:22Z
a20bae99-2ab0-4f77-9e4f-4756efc896da,usr_hsct00027,Pricing Visited,2026-03-01T10:00:00Z,2026-04-13T15:55:22Z
178b058c-c9d2-4c69-9185-c37f6a4eca9e,usr_hsct00046,Page Viewed,2026-03-02T10:00:00Z,2026-04-13T15:55:22Z
ab3ad956-6691-492d-a175-6ba36fa046b8,usr_hsct00020,Pricing Visited,2026-03-02T10:00:00Z,2026-04-13T15:55:22Z
bea5f07d-2fc2-457a-80d7-8b63734ddd13,usr_hsct00004,Pricing Visited,2026-03-02T10:00:00Z,2026-04-13T15:55:22Z
bcb75db4-008b-4a80-857f-3f0aac251de4,usr_hsct00049,Page Viewed,2026-03-02T10:00:00Z,2026-04-13T15:55:22Z
20f63713-2c7d-4bef-927e-dc44b0773b82,usr_hsct00074,Pricing Visited,2026-03-02T10:00:00Z,2026-04-13T15:55:22Z
6c10f83f-6af6-414d-b809-b2dac31b192b,usr_hsct00024,Page Viewed,2026-03-02T10:00:00Z,2026-04-13T15:55:22Z
116d6b1e-b2ff-4945-94ad-a1466850db89,usr_hsct00097,Pricing Visited,2026-03-02T10:00:00Z,2026-04-13T15:55:22Z
77d7e240-de6c-449f-8cb6-869b9f085453,usr_hsct00091,Pricing Visited,2026-03-02T10:00:00Z,2026-04-13T15:55:22Z
4aa73290-feda-4159-bcb3-e0bd0d9586f5,usr_hsct00091,Page Viewed,2026-03-02T10:00:00Z,2026-04-13T15:55:22Z
b75303e6-f482-4f43-8cfa-df73034a0019,usr_hsct00035,Pricing Visited,2026-03-02T10:00:00Z,2026-04-13T15:55:22Z
b3b67cdf-8886-40f3-8c64-e601aec23d84,usr_hsct00012,Pricing Visited,2026-03-03T10:00:00Z,2026-04-13T15:55:22Z
ebcebff2-a534-4e69-9933-34b2aff75064,usr_hsct00031,Pricing Visited,2026-03-03T10:00:00Z,2026-04-13T15:55:22Z
39e870c3-12e4-4a0e-972a-ea41bfafd1b0,usr_hsct00058,Pricing Visited,2026-03-03T10:00:00Z,2026-04-13T15:55:22Z
d857a0a7-4659-49c7-bf7b-5ac7f3b36552,usr_hsct00028,Pricing Visited,2026-03-03T10:00:00Z,2026-04-13T15:55:22Z
ef789cab-1e91-4a3b-97cb-ce990b9a0a12,usr_hsct00023,Page Viewed,2026-03-03T10:00:00Z,2026-04-13T15:55:22Z
48b48324-6b9a-4342-982a-682f09f647ec,usr_hsct00048,Page Viewed,2026-03-03T10:00:00Z,2026-04-13T15:55:22Z
c4c1c211-25a5-45ef-89be-2dcf6caf212b,usr_hsct00100,Page Viewed,2026-03-03T10:00:00Z,2026-04-13T15:55:22Z
86ba9581-c8fe-4eeb-803d-7f04b78e6345,usr_hsct00012,Pricing Visited,2026-03-03T10:00:00Z,2026-04-13T15:55:22Z
21454043-6f70-48a4-8897-7296dd748df2,usr_hsct00065,Page Viewed,2026-03-03T10:00:00Z,2026-04-13T15:55:22Z
b232df0c-ea75-4928-afe9-774ed77dfd8b,usr_hsct00062,Page Viewed,2026-03-03T10:00:00Z,2026-04-13T15:55:22Z
8f614db9-0f6d-4c00-888d-e6892436dafb,usr_hsct00025,Pricing Visited,2026-03-04T10:00:00Z,2026-04-13T15:55:22Z
567a6cff-c36b-42ce-83d4-502cbf6ae651,usr_hsct00062,Pricing Visited,2026-03-04T10:00:00Z,2026-04-13T15:55:22Z
0ca34e4f-98f1-4141-a204-d44d2d27e836,usr_hsct00100,Pricing Visited,2026-03-04T10:00:00Z,2026-04-13T15:55:22Z
c4be0a2b-cdb6-4ab8-b1e5-168a0ceb3999,usr_hsct00019,Page Viewed,2026-03-04T10:00:00Z,2026-04-13T15:55:22Z
21e1a3de-99de-4119-9da6-4e736af44330,usr_hsct00067,Page Viewed,2026-03-04T10:00:00Z,2026-04-13T15:55:22Z
17ec5be6-50a8-44ed-a483-5ee2cccbd33e,usr_hsct00027,Page Viewed,2026-03-04T10:00:00Z,2026-04-13T15:55:22Z
184d6429-cbe4-4886-a33b-bd410c4d1b3a,usr_hsct00059,Pricing Visited,2026-03-04T10:00:00Z,2026-04-13T15:55:22Z
a7924e67-a765-40e2-8dd9-a35affd02d99,usr_hsct00092,Page Viewed,2026-03-04T10:00:00Z,2026-04-13T15:55:22Z
08d9f29a-296f-48be-b7ab-772390a4bf59,usr_hsct00001,Pricing Visited,2026-03-04T10:00:00Z,2026-04-13T15:55:22Z
58e2ece6-2ee3-405e-a743-54904326d122,usr_hsct00006,Page Viewed,2026-03-04T10:00:00Z,2026-04-13T15:55:22Z
7dc2c063-b300-4e21-bdd6-cebf4b12fa43,usr_hsct00043,Pricing Visited,2026-03-05T10:00:00Z,2026-04-13T15:55:22Z
d9576942-c0ed-448a-9802-e679555410dd,usr_hsct00006,Page Viewed,2026-03-05T10:00:00Z,2026-04-13T15:55:22Z
b5cce666-72ae-417e-9bcb-3373fa7de81d,usr_hsct00067,Pricing Visited,2026-03-05T10:00:00Z,2026-04-13T15:55:22Z
4f90c999-396a-4bec-b363-d85d19da5b50,usr_hsct00003,Pricing Visited,2026-03-05T10:00:00Z,2026-04-13T15:55:22Z
15eae355-ee43-4e11-acd0-dac5d01f615d,usr_hsct00082,Page Viewed,2026-03-05T10:00:00Z,2026-04-13T15:55:22Z
b146f774-7a9f-495e-9866-4556b6387830,usr_hsct00042,Page Viewed,2026-03-05T10:00:00Z,2026-04-13T15:55:22Z
92a0a82e-39fd-4412-8adc-d8aa8bb4930f,usr_hsct00025,Pricing Visited,2026-03-05T10:00:00Z,2026-04-13T15:55:22Z
1e9417fb-5416-4ebf-ac16-d84de81c0331,usr_hsct00036,Pricing Visited,2026-03-05T10:00:00Z,2026-04-13T15:55:22Z
2e8eaebd-dfc2-45da-a952-3ccfb3a3c984,usr_hsct00099,Pricing Visited,2026-03-05T10:00:00Z,2026-04-13T15:55:22Z
b0164d1b-7408-4b5c-9d1a-1a6d630d27c0,usr_hsct00086,Page Viewed,2026-03-05T10:00:00Z,2026-04-13T15:55:22Z
61b9c15b-6e09-447a-a094-7111a268d133,usr_hsct00035,Page Viewed,2026-03-06T10:00:00Z,2026-04-13T15:55:22Z
3d80fa22-71c3-48ae-9dc9-772411cae18e,usr_hsct00021,Pricing Visited,2026-03-06T10:00:00Z,2026-04-13T15:55:22Z
8663bfeb-1baa-4ac9-835b-369ce759b44d,usr_hsct00015,Page Viewed,2026-03-06T10:00:00Z,2026-04-13T15:55:22Z
1854ba31-b18e-49d5-92c9-c967e47af864,usr_hsct00080,Page Viewed,2026-03-06T10:00:00Z,2026-04-13T15:55:22Z
81825f99-ed18-48a6-ad8a-1ed02792dae8,usr_hsct00027,Pricing Visited,2026-03-06T10:00:00Z,2026-04-13T15:55:22Z
656f0169-9cde-413b-8075-fe5e278a5779,usr_hsct00071,Pricing Visited,2026-03-06T10:00:00Z,2026-04-13T15:55:22Z
16b3ed31-d7fb-4d78-856c-b9b4d429eb2a,usr_hsct00035,Page Viewed,2026-03-06T10:00:00Z,2026-04-13T15:55:22Z
cbad3272-ddcf-4011-a5c7-5a3a63e73830,usr_hsct00091,Pricing Visited,2026-03-06T10:00:00Z,2026-04-13T15:55:22Z
792232df-6afc-478e-bbea-4f582f8bd120,usr_hsct00074,Page Viewed,2026-03-06T10:00:00Z,2026-04-13T15:55:22Z
fe5db232-5cf8-4ea4-99ef-bd8b5ad8edee,usr_hsct00022,Page Viewed,2026-03-06T10:00:00Z,2026-04-13T15:55:22Z
274b0f89-7967-41a1-a44a-e642e3500d21,usr_hsct00040,Pricing Visited,2026-03-07T10:00:00Z,2026-04-13T15:55:22Z
994953b0-0307-4bcc-af2a-396587ed16b6,usr_hsct00070,Pricing Visited,2026-03-07T10:00:00Z,2026-04-13T15:55:22Z
81e49d39-2525-44dd-ab91-43ba21213576,usr_hsct00007,Page Viewed,2026-03-07T10:00:00Z,2026-04-13T15:55:22Z
a9729434-a3cd-44bd-a2e7-b594dd14fbf8,usr_hsct00004,Pricing Visited,2026-03-07T10:00:00Z,2026-04-13T15:55:22Z
a380e96d-caf5-43a5-818d-675edfcf011e,usr_hsct00087,Page Viewed,2026-03-07T10:00:00Z,2026-04-13T15:55:22Z
d81cce02-11c4-4628-8c91-d4332f13194e,usr_hsct00014,Pricing Visited,2026-03-07T10:00:00Z,2026-04-13T15:55:22Z
699eff56-9231-49ed-b0e5-c7dc269350d1,usr_hsct00007,Page Viewed,2026-03-07T10:00:00Z,2026-04-13T15:55:22Z
f0fd345f-f488-4dfc-bed6-92d48198bc38,usr_hsct00055,Pricing Visited,2026-03-07T10:00:00Z,2026-04-13T15:55:22Z
588c7383-2cb9-4dfb-a311-c4edbc6f3013,usr_hsct00023,Pricing Visited,2026-03-07T10:00:00Z,2026-04-13T15:55:22Z
29c0706e-582a-4da8-ad25-f26b05608052,usr_hsct00079,Pricing Visited,2026-03-07T10:00:00Z,2026-04-13T15:55:22Z
a372d120-be4e-4555-a76f-243ca9ce60ef,usr_hsct00040,Pricing Visited,2026-03-08T10:00:00Z,2026-04-13T15:55:22Z
136b5c92-1746-4fc7-ab3c-91287480e84c,usr_hsct00026,Page Viewed,2026-03-08T10:00:00Z,2026-04-13T15:55:22Z
60be0ae0-ec10-47f2-828c-027267e2706b,usr_hsct00097,Pricing Visited,2026-03-08T10:00:00Z,2026-04-13T15:55:22Z
6735c004-02a3-4483-a693-3abe2bea1551,usr_hsct00073,Page Viewed,2026-03-08T10:00:00Z,2026-04-13T15:55:22Z
6ec84086-e00e-4869-b12f-f402b6552dad,usr_hsct00012,Pricing Visited,2026-03-08T10:00:00Z,2026-04-13T15:55:22Z
0040608d-d85e-4e58-839c-dfced8fed7d9,usr_hsct00013,Pricing Visited,2026-03-08T10:00:00Z,2026-04-13T15:55:22Z
04af8ad5-8e3a-4e92-b916-1d68d60c1c85,usr_hsct00040,Pricing Visited,2026-03-08T10:00:00Z,2026-04-13T15:55:22Z
628dad17-679e-4e92-87d9-a8e00c3620bc,usr_hsct00061,Page Viewed,2026-03-08T10:00:00Z,2026-04-13T15:55:22Z
08556c7a-d927-4190-a148-1bb1acf1a3d6,usr_hsct00029,Page Viewed,2026-03-08T10:00:00Z,2026-04-13T15:55:22Z
a9fb98bb-c993-4694-a79d-7c1f548d4900,usr_hsct00079,Pricing Visited,2026-03-08T10:00:00Z,2026-04-13T15:55:22Z
e16bf507-6231-43c5-b01f-05d3a083ef4a,usr_hsct00047,Pricing Visited,2026-03-09T10:00:00Z,2026-04-13T15:55:22Z
d9761ff9-0685-4312-9fd5-b159ec366042,usr_hsct00024,Pricing Visited,2026-03-09T10:00:00Z,2026-04-13T15:55:22Z
4685a372-a5cd-4f5b-bfe0-e2e11ff9fa34,usr_hsct00042,Pricing Visited,2026-03-09T10:00:00Z,2026-04-13T15:55:22Z
2f382990-35cf-4e4e-947a-264a4cfd66c4,usr_hsct00063,Page Viewed,2026-03-09T10:00:00Z,2026-04-13T15:55:22Z
517073b6-5f7a-44ea-8348-a5fae42773d0,usr_hsct00009,Pricing Visited,2026-03-09T10:00:00Z,2026-04-13T15:55:22Z
05a5af4b-70df-4fda-9234-3d809ca3a757,usr_hsct00015,Pricing Visited,2026-03-09T10:00:00Z,2026-04-13T15:55:22Z
1be5a2eb-a7ae-4ee8-8c0f-54b0345bcea8,usr_hsct00062,Pricing Visited,2026-03-09T10:00:00Z,2026-04-13T15:55:22Z
f22b1709-9b46-4ea1-a8dd-543945ce489d,usr_hsct00022,Pricing Visited,2026-03-09T10:00:00Z,2026-04-13T15:55:22Z
9e4d8f79-35aa-4f01-9dbd-5273332ee271,usr_hsct00099,Pricing Visited,2026-03-09T10:00:00Z,2026-04-13T15:55:22Z
8fb09e50-2924-43a7-b24a-a81620fe29da,usr_hsct00078,Page Viewed,2026-03-09T10:00:00Z,2026-04-13T15:55:22Z
7e184aeb-44f8-4984-8c89-1924072bf3bc,usr_hsct00066,Page Viewed,2026-03-10T10:00:00Z,2026-04-13T15:55:22Z
8f7ec741-e3db-4494-b031-66930015e10f,usr_hsct00052,Page Viewed,2026-03-10T10:00:00Z,2026-04-13T15:55:22Z
67cd5cf4-ab8e-4af5-bf98-2b2bcdd720bb,usr_hsct00042,Page Viewed,2026-03-10T10:00:00Z,2026-04-13T15:55:22Z
2d6e3ae9-ebc9-4311-bbfe-41decb2f5e2d,usr_hsct00039,Pricing Visited,2026-03-10T10:00:00Z,2026-04-13T15:55:22Z
f53739bd-3f66-4365-9e05-49c2747aa773,usr_hsct00052,Pricing Visited,2026-03-10T10:00:00Z,2026-04-13T15:55:22Z
5f2f340c-bdae-4105-82e6-1a927e46f41e,usr_hsct00031,Page Viewed,2026-03-10T10:00:00Z,2026-04-13T15:55:22Z
f7593c82-dec8-4a72-ac60-085a937e4340,usr_hsct00071,Page Viewed,2026-03-10T10:00:00Z,2026-04-13T15:55:22Z
b159d722-eb9d-4728-affa-f8ea044444c6,usr_hsct00062,Pricing Visited,2026-03-10T10:00:00Z,2026-04-13T15:55:22Z
14964a6d-2a17-45a6-b43d-f90757824f21,usr_hsct00009,Pricing Visited,2026-03-10T10:00:00Z,2026-04-13T15:55:22Z
144d8f23-278c-490d-9ad2-8870d580d510,usr_hsct00027,Pricing Visited,2026-03-10T10:00:00Z,2026-04-13T15:55:22Z
c21eccc1-0f40-4c88-8788-13a2487d885f,usr_hsct00056,Pricing Visited,2026-03-11T10:00:00Z,2026-04-13T15:55:22Z
02c26ae8-bda9-401a-a518-aaad9395d07c,usr_hsct00070,Page Viewed,2026-03-11T10:00:00Z,2026-04-13T15:55:22Z
c03efcf2-2793-4b2c-889a-72ab2b60628e,usr_hsct00023,Page Viewed,2026-03-11T10:00:00Z,2026-04-13T15:55:22Z
8b2ed26a-c902-4870-b2d1-a4a329288c4f,usr_hsct00095,Pricing Visited,2026-03-11T10:00:00Z,2026-04-13T15:55:22Z
1b78b273-af98-4c19-84b2-c2f2abf8ce31,usr_hsct00015,Pricing Visited,2026-03-11T10:00:00Z,2026-04-13T15:55:22Z
142de70b-32e4-40d5-bde1-23e60d308ced,usr_hsct00042,Page Viewed,2026-03-11T10:00:00Z,2026-04-13T15:55:22Z
6fd6d656-512a-4ca6-b36e-92f2590cbca5,usr_hsct00057,Page Viewed,2026-03-11T10:00:00Z,2026-04-13T15:55:22Z
e8674327-6536-4768-a6a6-4aeaf94ea5b8,usr_hsct00040,Pricing Visited,2026-03-11T10:00:00Z,2026-04-13T15:55:22Z
e5ed8ade-d662-47ef-a9be-dfd35bfd6021,usr_hsct00009,Page Viewed,2026-03-11T10:00:00Z,2026-04-13T15:55:22Z
3835a1f9-dcff-4ee7-bdd0-3ae207175ce6,usr_hsct00088,Pricing Visited,2026-03-11T10:00:00Z,2026-04-13T15:55:22Z
24114d83-2586-4d3b-b21a-7f11fb30d9f3,usr_hsct00042,Pricing Visited,2026-03-12T10:00:00Z,2026-04-13T15:55:22Z
a5395522-3e90-462d-a383-13b958336052,usr_hsct00083,Page Viewed,2026-03-12T10:00:00Z,2026-04-13T15:55:22Z
a7d5693e-711d-41bc-ab71-6a38ec7ca840,usr_hsct00012,Page Viewed,2026-03-12T10:00:00Z,2026-04-13T15:55:22Z
087395cb-c305-4d5b-b917-529004c0237c,usr_hsct00018,Page Viewed,2026-03-12T10:00:00Z,2026-04-13T15:55:22Z
b4f5293d-d07d-480b-8c7b-2a1df2b50699,usr_hsct00097,Page Viewed,2026-03-12T10:00:00Z,2026-04-13T15:55:22Z
b7fd2b78-8dd8-44a1-b165-b080c1bda8e3,usr_hsct00085,Page Viewed,2026-03-12T10:00:00Z,2026-04-13T15:55:22Z
b2df575a-f531-4ab8-9862-3b9d67b0dfa4,usr_hsct00058,Pricing Visited,2026-03-12T10:00:00Z,2026-04-13T15:55:22Z
a29e251a-c8db-46ee-b9b6-263f92432728,usr_hsct00050,Pricing Visited,2026-03-12T10:00:00Z,2026-04-13T15:55:22Z
1f2df505-8d54-40fc-870b-3349bdd1c81f,usr_hsct00026,Page Viewed,2026-03-12T10:00:00Z,2026-04-13T15:55:22Z
ca9878dc-f84b-4b47-a2ec-c8f884379bd4,usr_hsct00088,Pricing Visited,2026-03-12T10:00:00Z,2026-04-13T15:55:22Z
1b6e7e0a-e1d3-4111-9e16-0cb467a9eab2,usr_hsct00039,Pricing Visited,2026-03-13T10:00:00Z,2026-04-13T15:55:22Z
77f141fb-2bd6-4c93-818e-3eec638a232a,usr_hsct00056,Pricing Visited,2026-03-13T10:00:00Z,2026-04-13T15:55:22Z
59acf528-aa86-4286-8602-09ca4952de6b,usr_hsct00012,Page Viewed,2026-03-13T10:00:00Z,2026-04-13T15:55:22Z
76fc8f22-5613-4db2-8507-c910c00eadb6,usr_hsct00079,Pricing Visited,2026-03-13T10:00:00Z,2026-04-13T15:55:22Z
8d7cfbc3-1265-4502-9825-48c0f9d38171,usr_hsct00017,Pricing Visited,2026-03-13T10:00:00Z,2026-04-13T15:55:22Z
2af7d6de-239d-4118-870c-a585c078f26c,usr_hsct00008,Pricing Visited,2026-03-13T10:00:00Z,2026-04-13T15:55:22Z
eb0f1325-02ea-4a0b-a608-d76433470fc8,usr_hsct00071,Page Viewed,2026-03-13T10:00:00Z,2026-04-13T15:55:22Z
914061ae-0a45-427d-917b-72c137a9c8df,usr_hsct00001,Pricing Visited,2026-03-13T10:00:00Z,2026-04-13T15:55:22Z
7d56927e-daae-4283-8730-5683ac74d38e,usr_hsct00015,Pricing Visited,2026-03-13T10:00:00Z,2026-04-13T15:55:22Z
87b834ce-95a3-4c18-b40c-0279a65189d4,usr_hsct00004,Page Viewed,2026-03-13T10:00:00Z,2026-04-13T15:55:22Z
254bccbf-33f5-4dba-94f1-bd5a535945d3,usr_hsct00056,Pricing Visited,2026-03-14T10:00:00Z,2026-04-13T15:55:22Z
d867b579-85af-4bfc-b174-e24dc68b7728,usr_hsct00081,Pricing Visited,2026-03-14T10:00:00Z,2026-04-13T15:55:22Z
f3dd9829-ab3e-4aac-9fdd-3db2c7df974f,usr_hsct00092,Pricing Visited,2026-03-14T10:00:00Z,2026-04-13T15:55:22Z
04d5e980-d41d-47f3-99d5-73251e73f7df,usr_hsct00052,Pricing Visited,2026-03-14T10:00:00Z,2026-04-13T15:55:22Z
64a16a94-ef44-46ab-b2a6-779bc21c6641,usr_hsct00056,Page Viewed,2026-03-14T10:00:00Z,2026-04-13T15:55:22Z
df213545-0dee-415c-ae8d-342a0e0f6d37,usr_hsct00085,Page Viewed,2026-03-14T10:00:00Z,2026-04-13T15:55:22Z
bb8faaab-907b-4339-b1f7-5d80d9e54519,usr_hsct00061,Page Viewed,2026-03-14T10:00:00Z,2026-04-13T15:55:22Z
0730a889-f61e-4403-8666-39b1ea54444f,usr_hsct00025,Pricing Visited,2026-03-14T10:00:00Z,2026-04-13T15:55:22Z
a4aaa410-3cbd-43a5-b746-017f53266f92,usr_hsct00047,Pricing Visited,2026-03-14T10:00:00Z,2026-04-13T15:55:22Z
fe1c7117-78f4-46c6-9779-4bdeb98588dc,usr_hsct00020,Pricing Visited,2026-03-14T10:00:00Z,2026-04-13T15:55:22Z
b4c1cd99-4d27-4215-857a-e6beabdb5385,usr_hsct00086,Page Viewed,2026-03-15T10:00:00Z,2026-04-13T15:55:22Z
0d54278e-ff06-4fdf-aab8-95b3b896e959,usr_hsct00018,Page Viewed,2026-03-15T10:00:00Z,2026-04-13T15:55:22Z
ad10e2c6-ca56-4248-af10-03d5760849e4,usr_hsct00010,Page Viewed,2026-03-15T10:00:00Z,2026-04-13T15:55:22Z
71a082ec-9992-4d7f-b097-f1ee55f60776,usr_hsct00019,Pricing Visited,2026-03-15T10:00:00Z,2026-04-13T15:55:22Z
039de4e4-a631-476c-ae8f-226209322ce0,usr_hsct00085,Pricing Visited,2026-03-15T10:00:00Z,2026-04-13T15:55:22Z
f711ff7b-31ba-4ea0-a75d-fdf4f09aba3f,usr_hsct00018,Page Viewed,2026-03-15T10:00:00Z,2026-04-13T15:55:22Z
46e2b743-894c-4ba6-970a-9a587ebab7cb,usr_hsct00018,Pricing Visited,2026-03-15T10:00:00Z,2026-04-13T15:55:22Z
cf6e2c70-74ec-43f4-94e6-65395590b784,usr_hsct00059,Pricing Visited,2026-03-15T10:00:00Z,2026-04-13T15:55:22Z
a0f64a5a-4ce3-4715-ae00-53b891962ef5,usr_hsct00080,Page Viewed,2026-03-15T10:00:00Z,2026-04-13T15:55:22Z
20285b69-17a4-4b68-a5cf-9bc48aae2824,usr_hsct00059,Pricing Visited,2026-03-15T10:00:00Z,2026-04-13T15:55:22Z
06c8060b-8852-4039-bfcb-dc6ad23a7fda,usr_hsct00071,Pricing Visited,2026-03-16T10:00:00Z,2026-04-13T15:55:22Z
5e1c4bbb-6500-4ec3-a403-4c0d0919771c,usr_hsct00050,Pricing Visited,2026-03-16T10:00:00Z,2026-04-13T15:55:22Z
b6ce9c07-f7ca-4d3f-b2bd-348d2ebcf3f0,usr_hsct00029,Page Viewed,2026-03-16T10:00:00Z,2026-04-13T15:55:22Z
99da39ae-9c79-4a60-ad7e-ae55a6cdc26e,usr_hsct00055,Page Viewed,2026-03-16T10:00:00Z,2026-04-13T15:55:22Z
9d78cebf-17c7-42b2-b851-4f53b6704465,usr_hsct00074,Pricing Visited,2026-03-16T10:00:00Z,2026-04-13T15:55:22Z
b0746bb0-bb0c-4626-ac59-de3aaceb01d1,usr_hsct00094,Page Viewed,2026-03-16T10:00:00Z,2026-04-13T15:55:22Z
83d59a89-83a9-42a2-97e4-a6f4c661e386,usr_hsct00092,Pricing Visited,2026-03-16T10:00:00Z,2026-04-13T15:55:22Z
11d9e724-536d-4b86-8093-a081365af994,usr_hsct00053,Pricing Visited,2026-03-16T10:00:00Z,2026-04-13T15:55:22Z
bb727715-99e9-481f-97c7-46b877ac4972,usr_hsct00005,Page Viewed,2026-03-16T10:00:00Z,2026-04-13T15:55:22Z
5f108173-8f37-4cab-9f87-af5bd103d109,usr_hsct00073,Pricing Visited,2026-03-16T10:00:00Z,2026-04-13T15:55:22Z
32cb6410-501e-404b-8f71-96a2d09d2739,usr_hsct00091,Pricing Visited,2026-03-17T10:00:00Z,2026-04-13T15:55:22Z
9e5fba9f-675a-43e2-aa4c-85891911afb7,usr_hsct00015,Pricing Visited,2026-03-17T10:00:00Z,2026-04-13T15:55:22Z
0962e902-1da0-4d98-9a0c-38b237150d4c,usr_hsct00089,Page Viewed,2026-03-17T10:00:00Z,2026-04-13T15:55:22Z
f94d80e7-cf72-470b-a739-80bb203248a6,usr_hsct00019,Pricing Visited,2026-03-17T10:00:00Z,2026-04-13T15:55:22Z
c5663912-0727-4adc-89b1-5f70a3ebadbc,usr_hsct00060,Page Viewed,2026-03-17T10:00:00Z,2026-04-13T15:55:22Z
9e8ee9bb-4831-4457-8e2d-34d07720609e,usr_hsct00067,Page Viewed,2026-03-17T10:00:00Z,2026-04-13T15:55:22Z
b4aa3af7-2999-404c-9356-4d3a7aee701c,usr_hsct00032,Pricing Visited,2026-03-17T10:00:00Z,2026-04-13T15:55:22Z
3013de4e-a4bb-4103-93c9-33e49df31fe5,usr_hsct00081,Page Viewed,2026-03-17T10:00:00Z,2026-04-13T15:55:22Z
45c74ae9-d061-4b3d-aacf-d65042de5ced,usr_hsct00088,Pricing Visited,2026-03-17T10:00:00Z,2026-04-13T15:55:22Z
03717692-3c51-4b21-9bf9-1ad7175f596b,usr_hsct00079,Page Viewed,2026-03-17T10:00:00Z,2026-04-13T15:55:22Z
62f89924-5921-44cf-97a2-5dc0e0fdf36b,usr_hsct00044,Page Viewed,2026-03-18T10:00:00Z,2026-04-13T15:55:22Z
0c4a9808-b636-4531-8e39-d10a2bf89dbb,usr_hsct00061,Pricing Visited,2026-03-18T10:00:00Z,2026-04-13T15:55:22Z
45147b87-ed8a-4c77-823d-c2acc423b751,usr_hsct00066,Pricing Visited,2026-03-18T10:00:00Z,2026-04-13T15:55:22Z
a45a0d06-2ca0-43c1-b6b1-3bc7ac4da6dd,usr_hsct00074,Pricing Visited,2026-03-18T10:00:00Z,2026-04-13T15:55:22Z
0466cbce-eb51-466c-b3c3-db5a04d22e24,usr_hsct00054,Pricing Visited,2026-03-18T10:00:00Z,2026-04-13T15:55:22Z
d6786802-9c22-4c51-a9d4-ddbfa35d2c1c,usr_hsct00038,Pricing Visited,2026-03-18T10:00:00Z,2026-04-13T15:55:22Z
407ef869-ce56-40ec-8310-6f6eb187bbd5,usr_hsct00022,Page Viewed,2026-03-18T10:00:00Z,2026-04-13T15:55:22Z
958e4f8e-6fad-4b3a-8838-8859118dce66,usr_hsct00089,Pricing Visited,2026-03-18T10:00:00Z,2026-04-13T15:55:22Z
184a1b38-b3dd-46ad-87cb-6c4e73b3ceef,usr_hsct00094,Pricing Visited,2026-03-18T10:00:00Z,2026-04-13T15:55:22Z
9023ccbc-6604-41c2-8d84-d0765bee7260,usr_hsct00008,Pricing Visited,2026-03-18T10:00:00Z,2026-04-13T15:55:22Z
9cdf1bb5-adde-4fdf-8434-02beac4ba303,usr_hsct00075,Page Viewed,2026-03-19T10:00:00Z,2026-04-13T15:55:22Z
58912cc9-a824-4b48-80e8-28ef8932bc9c,usr_hsct00074,Page Viewed,2026-03-19T10:00:00Z,2026-04-13T15:55:22Z
8aa60f7d-dcbb-4673-9131-60e276db2e5b,usr_hsct00085,Pricing Visited,2026-03-19T10:00:00Z,2026-04-13T15:55:22Z
4017dcbf-eaf9-4fa2-85ab-d7e1fe3d0ec4,usr_hsct00095,Page Viewed,2026-03-19T10:00:00Z,2026-04-13T15:55:22Z
1910b8d5-ccc6-4491-b6f6-2aa27c6fb31a,usr_hsct00037,Pricing Visited,2026-03-19T10:00:00Z,2026-04-13T15:55:22Z
35fc6125-8564-4a4c-be28-383fa66f576f,usr_hsct00011,Page Viewed,2026-03-19T10:00:00Z,2026-04-13T15:55:22Z
693fcf16-6833-4405-bb2a-ecc2a60ee486,usr_hsct00065,Page Viewed,2026-03-19T10:00:00Z,2026-04-13T15:55:22Z
a32431ee-4720-403f-9d9e-0358aa5aa291,usr_hsct00036,Pricing Visited,2026-03-19T10:00:00Z,2026-04-13T15:55:22Z
b63c22c0-939d-4bcf-ab31-4cc11b7500cc,usr_hsct00017,Pricing Visited,2026-03-19T10:00:00Z,2026-04-13T15:55:22Z
01c4d06f-f5c8-470d-acb6-393f3e2130c0,usr_hsct00036,Pricing Visited,2026-03-19T10:00:00Z,2026-04-13T15:55:22Z
4b0db5b2-25af-4aeb-8ecc-800738939466,usr_hsct00002,Page Viewed,2026-03-20T10:00:00Z,2026-04-13T15:55:22Z
43075d46-5a02-470b-a734-e173a674b5d7,usr_hsct00078,Page Viewed,2026-03-20T10:00:00Z,2026-04-13T15:55:22Z
919cda47-f0ca-4603-a51d-ff2cb4c5fc95,usr_hsct00076,Page Viewed,2026-03-20T10:00:00Z,2026-04-13T15:55:22Z
601badfc-7a52-41bb-8051-e32f574b9c63,usr_hsct00085,Pricing Visited,2026-03-20T10:00:00Z,2026-04-13T15:55:22Z
63c800ce-297b-4577-970b-a30467722630,usr_hsct00048,Page Viewed,2026-03-20T10:00:00Z,2026-04-13T15:55:22Z
59daee1e-855f-4572-9eac-e8914c694b23,usr_hsct00034,Page Viewed,2026-03-20T10:00:00Z,2026-04-13T15:55:22Z
30623048-4140-4b5d-896e-4321914de498,usr_hsct00063,Page Viewed,2026-03-20T10:00:00Z,2026-04-13T15:55:22Z
181bdd8c-d1cb-43f8-83eb-0cb4c64141d4,usr_hsct00068,Page Viewed,2026-03-20T10:00:00Z,2026-04-13T15:55:22Z
9241454c-5311-4b1a-ad00-bdba9b0bd95c,usr_hsct00044,Page Viewed,2026-03-20T10:00:00Z,2026-04-13T15:55:22Z
267b4f94-014b-47f5-9ce1-30a83dbd2004,usr_hsct00019,Page Viewed,2026-03-20T10:00:00Z,2026-04-13T15:55:22Z
dae8ed8b-b685-4fef-9c26-725643341cad,usr_hsct00064,Pricing Visited,2026-03-21T10:00:00Z,2026-04-13T15:55:22Z
ce0deda9-873d-405d-9f23-821f0c83e94c,usr_hsct00099,Pricing Visited,2026-03-21T10:00:00Z,2026-04-13T15:55:22Z
86887ccb-eeda-4999-82c8-fd202a18595e,usr_hsct00031,Pricing Visited,2026-03-21T10:00:00Z,2026-04-13T15:55:22Z
8ebe4c15-7ad4-4e53-9b3a-40d90898530b,usr_hsct00093,Page Viewed,2026-03-21T10:00:00Z,2026-04-13T15:55:22Z
25b875a6-4b8c-4cb7-9aca-0393b813554e,usr_hsct00027,Pricing Visited,2026-03-21T10:00:00Z,2026-04-13T15:55:22Z
3b14f2f2-a072-4a36-b34f-e6acc5cc17e3,usr_hsct00007,Pricing Visited,2026-03-21T10:00:00Z,2026-04-13T15:55:22Z
d291bfd8-e037-43c2-a516-8e8cb212cebf,usr_hsct00097,Page Viewed,2026-03-21T10:00:00Z,2026-04-13T15:55:22Z
4c1e145b-dbee-464f-94f9-ad0480ae98b0,usr_hsct00007,Page Viewed,2026-03-21T10:00:00Z,2026-04-13T15:55:22Z
e010d3ea-0eab-4d86-bfa3-d3ff8d81092e,usr_hsct00060,Pricing Visited,2026-03-21T10:00:00Z,2026-04-13T15:55:22Z
e49fe1da-8301-4cef-a1a9-86774046c64a,usr_hsct00061,Pricing Visited,2026-03-21T10:00:00Z,2026-04-13T15:55:22Z
2c3f59bf-771d-49a2-8efa-e58c0b845068,usr_hsct00061,Page Viewed,2026-03-22T10:00:00Z,2026-04-13T15:55:22Z
58a3cde7-f712-4aff-8bb4-bce82793064a,usr_hsct00049,Pricing Visited,2026-03-22T10:00:00Z,2026-04-13T15:55:22Z
337d2f95-5044-48ed-9ea7-562ad0059bbe,usr_hsct00061,Pricing Visited,2026-03-22T10:00:00Z,2026-04-13T15:55:22Z
094f770f-8e6f-4aea-906a-ff70ae463276,usr_hsct00019,Pricing Visited,2026-03-22T10:00:00Z,2026-04-13T15:55:22Z
8aec646d-9147-4ae8-8a90-2ff7ea5988d4,usr_hsct00002,Pricing Visited,2026-03-22T10:00:00Z,2026-04-13T15:55:22Z
2a5573d2-a9ac-49aa-a2da-b0310402cfec,usr_hsct00058,Pricing Visited,2026-03-22T10:00:00Z,2026-04-13T15:55:22Z
18455c90-616d-4343-b25c-06ff4ddc35c3,usr_hsct00087,Pricing Visited,2026-03-22T10:00:00Z,2026-04-13T15:55:22Z
e26515bd-5aee-4625-8cef-792b7abe4871,usr_hsct00068,Page Viewed,2026-03-22T10:00:00Z,2026-04-13T15:55:22Z
0433edef-4fab-46de-badc-741409f042d1,usr_hsct00013,Pricing Visited,2026-03-22T10:00:00Z,2026-04-13T15:55:22Z
5d2c050d-c923-49f0-a101-019e8ce7d191,usr_hsct00056,Pricing Visited,2026-03-22T10:00:00Z,2026-04-13T15:55:22Z
5d030b54-52c7-4c05-806f-c9ae1705b568,usr_hsct00043,Pricing Visited,2026-03-23T10:00:00Z,2026-04-13T15:55:22Z
9fd9dab5-5959-4e8c-b91f-4b58e2d97a80,usr_hsct00035,Page Viewed,2026-03-23T10:00:00Z,2026-04-13T15:55:22Z
29e824c5-ad63-400f-9f74-bd3a7a40ffe0,usr_hsct00033,Pricing Visited,2026-03-23T10:00:00Z,2026-04-13T15:55:22Z
f054f8ba-b264-4a70-a66a-4122e83e696b,usr_hsct00060,Page Viewed,2026-03-23T10:00:00Z,2026-04-13T15:55:22Z
61cb1ead-2842-4d22-992d-1f71f44856df,usr_hsct00094,Page Viewed,2026-03-23T10:00:00Z,2026-04-13T15:55:22Z
1063279d-e871-482d-9878-fb626f03097b,usr_hsct00067,Pricing Visited,2026-03-23T10:00:00Z,2026-04-13T15:55:22Z
c92caba0-8ae5-42b1-802c-fc81bf120761,usr_hsct00087,Page Viewed,2026-03-23T10:00:00Z,2026-04-13T15:55:22Z
fd4f37cd-7ada-4f5c-b7a6-7af97ca7f06f,usr_hsct00041,Page Viewed,2026-03-23T10:00:00Z,2026-04-13T15:55:22Z
0011eba9-6d4d-4c11-9f57-f2535fae1c9f,usr_hsct00087,Page Viewed,2026-03-23T10:00:00Z,2026-04-13T15:55:22Z
a1a72287-72de-4c27-89c8-b8ac30a94636,usr_hsct00009,Page Viewed,2026-03-23T10:00:00Z,2026-04-13T15:55:22Z
18206984-0128-463b-b473-49296f7029c8,usr_hsct00053,Page Viewed,2026-03-24T10:00:00Z,2026-04-13T15:55:22Z
5053ba80-6f84-454a-bc2d-9b69d6537c41,usr_hsct00068,Page Viewed,2026-03-24T10:00:00Z,2026-04-13T15:55:22Z
80c73ad1-c1c0-4cfe-b65a-a8e0fc1787c9,usr_hsct00088,Pricing Visited,2026-03-24T10:00:00Z,2026-04-13T15:55:22Z
18c3d4b3-5951-405b-9ded-255f33aa53d0,usr_hsct00045,Page Viewed,2026-03-24T10:00:00Z,2026-04-13T15:55:22Z
8ce56161-5f85-467b-a220-185c00e33599,usr_hsct00093,Pricing Visited,2026-03-24T10:00:00Z,2026-04-13T15:55:22Z
95ce5918-90cd-4f79-9416-bb5a2e82e974,usr_hsct00033,Page Viewed,2026-03-24T10:00:00Z,2026-04-13T15:55:22Z
22ef453a-77dc-4ae0-9cfa-c576b86b1735,usr_hsct00005,Page Viewed,2026-03-24T10:00:00Z,2026-04-13T15:55:22Z
31009804-baa9-4388-a6c3-0a40493ea2be,usr_hsct00080,Page Viewed,2026-03-24T10:00:00Z,2026-04-13T15:55:22Z
a0effa8d-133d-4559-bed9-d0e3ae5f2ba5,usr_hsct00008,Page Viewed,2026-03-24T10:00:00Z,2026-04-13T15:55:22Z
6033caff-657c-4178-9c45-e6a72d92bd64,usr_hsct00077,Page Viewed,2026-03-24T10:00:00Z,2026-04-13T15:55:22Z
8558df61-e8da-4825-bf50-2717b6d22ec5,usr_hsct00091,Page Viewed,2026-03-25T10:00:00Z,2026-04-13T15:55:22Z
d5bf8f64-3377-47f5-9207-4181a85843e6,usr_hsct00012,Page Viewed,2026-03-25T10:00:00Z,2026-04-13T15:55:22Z
d83d80d8-3ba2-4b20-a178-9e22cd914144,usr_hsct00049,Page Viewed,2026-03-25T10:00:00Z,2026-04-13T15:55:22Z
17d8b495-33ad-4a22-ac98-f137dac9433f,usr_hsct00015,Page Viewed,2026-03-25T10:00:00Z,2026-04-13T15:55:22Z
612299c5-1c0e-4f14-922f-75a925012adb,usr_hsct00033,Pricing Visited,2026-03-25T10:00:00Z,2026-04-13T15:55:22Z
20aa9243-ba61-435a-8135-5524fc44152d,usr_hsct00060,Page Viewed,2026-03-25T10:00:00Z,2026-04-13T15:55:22Z
7cf0447a-2009-41db-a9b3-d32fd5d1b92b,usr_hsct00082,Pricing Visited,2026-03-25T10:00:00Z,2026-04-13T15:55:22Z
fd6657b4-0578-4f3c-a4db-393782217c8c,usr_hsct00036,Pricing Visited,2026-03-25T10:00:00Z,2026-04-13T15:55:22Z
9c7974e7-a899-405d-bb2e-bc0fd437000d,usr_hsct00089,Pricing Visited,2026-03-25T10:00:00Z,2026-04-13T15:55:22Z
6eb3d5ab-e756-42ed-91f9-827a2f54fcbe,usr_hsct00033,Page Viewed,2026-03-25T10:00:00Z,2026-04-13T15:55:22Z
94d25100-5b7c-4136-9e3f-98f26a89c0c1,usr_hsct00100,Page Viewed,2026-03-26T10:00:00Z,2026-04-13T15:55:22Z
be70ed0a-a976-4ee1-a71e-057c458cbefb,usr_hsct00036,Page Viewed,2026-03-26T10:00:00Z,2026-04-13T15:55:22Z
28ac5754-34dc-4420-9756-43b5812bd26c,usr_hsct00049,Pricing Visited,2026-03-26T10:00:00Z,2026-04-13T15:55:22Z
a0c4920e-afa1-488a-b400-95a880aba714,usr_hsct00043,Page Viewed,2026-03-26T10:00:00Z,2026-04-13T15:55:22Z
006c2a92-9432-4f28-b0d4-0cab386c1ae4,usr_hsct00034,Pricing Visited,2026-03-26T10:00:00Z,2026-04-13T15:55:22Z
ea1bbe5f-ccf7-4b21-ba42-40fb863b6700,usr_hsct00023,Pricing Visited,2026-03-26T10:00:00Z,2026-04-13T15:55:22Z
31d343f8-bf54-4f15-8491-0438d9e85482,usr_hsct00009,Pricing Visited,2026-03-26T10:00:00Z,2026-04-13T15:55:22Z
e75a846a-551d-49e6-b493-4300ce5e0da6,usr_hsct00026,Pricing Visited,2026-03-26T10:00:00Z,2026-04-13T15:55:22Z
ae5ba7ec-59f5-436e-a299-dc288ddeb4f3,usr_hsct00023,Pricing Visited,2026-03-26T10:00:00Z,2026-04-13T15:55:22Z
616c42b1-c745-4628-a97f-6b0e74ac6a98,usr_hsct00014,Page Viewed,2026-03-26T10:00:00Z,2026-04-13T15:55:22Z
39a4720d-ace0-47c4-bf63-47203779820f,usr_hsct00070,Pricing Visited,2026-03-27T10:00:00Z,2026-04-13T15:55:22Z
52092d8e-0007-4375-bb97-a53ef62799ea,usr_hsct00028,Page Viewed,2026-03-27T10:00:00Z,2026-04-13T15:55:22Z
98725e91-6d0c-4540-9110-4c6d22bfc44b,usr_hsct00057,Pricing Visited,2026-03-27T10:00:00Z,2026-04-13T15:55:22Z
48de12c6-754c-4b9a-8907-d4921c73cf5e,usr_hsct00014,Page Viewed,2026-03-27T10:00:00Z,2026-04-13T15:55:22Z
30fa40c4-b432-44f1-9472-b3d74c054b40,usr_hsct00010,Page Viewed,2026-03-27T10:00:00Z,2026-04-13T15:55:22Z
bf38ca20-aaa6-42bb-afa2-34c691074246,usr_hsct00074,Pricing Visited,2026-03-27T10:00:00Z,2026-04-13T15:55:22Z
070fc56b-e8bf-495d-b5ef-5264f46d9ab5,usr_hsct00100,Pricing Visited,2026-03-27T10:00:00Z,2026-04-13T15:55:22Z
a4197ef0-cc5a-482a-b565-aa8c52f4e73c,usr_hsct00003,Pricing Visited,2026-03-27T10:00:00Z,2026-04-13T15:55:22Z
42a79eb5-e9e7-425b-ac56-02db3c8cff7d,usr_hsct00020,Page Viewed,2026-03-27T10:00:00Z,2026-04-13T15:55:22Z
99d51ee7-0a15-44ca-8cfb-aff7dc534c87,usr_hsct00005,Pricing Visited,2026-03-27T10:00:00Z,2026-04-13T15:55:22Z
74ecaabe-9d9c-4c84-99e5-2d405543d7b2,usr_hsct00035,Page Viewed,2026-03-28T10:00:00Z,2026-04-13T15:55:22Z
c9cad6e3-1af0-4579-831e-1a57e05d428f,usr_hsct00090,Pricing Visited,2026-03-28T10:00:00Z,2026-04-13T15:55:22Z
ba827ebf-ac8a-4b19-8499-1dbb35a92021,usr_hsct00051,Page Viewed,2026-03-28T10:00:00Z,2026-04-13T15:55:22Z
3d772069-f376-4168-aa0c-21aacb14deb1,usr_hsct00066,Pricing Visited,2026-03-28T10:00:00Z,2026-04-13T15:55:22Z
b6798505-97f4-46fc-8fa7-f5e7255f0349,usr_hsct00062,Pricing Visited,2026-03-28T10:00:00Z,2026-04-13T15:55:22Z
870aed3f-f25c-4a4e-a095-9be3e4334ca3,usr_hsct00052,Page Viewed,2026-03-28T10:00:00Z,2026-04-13T15:55:22Z
99741043-2832-4d8a-8ec9-8d95e43a515f,usr_hsct00070,Page Viewed,2026-03-28T10:00:00Z,2026-04-13T15:55:22Z
56ae7e6c-384d-43e7-9656-47ce5e67ba58,usr_hsct00001,Pricing Visited,2026-03-28T10:00:00Z,2026-04-13T15:55:22Z
46dee992-af03-4185-ac7b-2f5153444483,usr_hsct00089,Pricing Visited,2026-03-28T10:00:00Z,2026-04-13T15:55:22Z
7ee7551a-27ab-498f-b64f-0d1be90e3d4c,usr_hsct00016,Pricing Visited,2026-03-28T10:00:00Z,2026-04-13T15:55:22Z
0ff5958a-d41e-4319-9261-a34aad25be21,usr_hsct00043,Pricing Visited,2026-03-29T10:00:00Z,2026-04-13T15:55:22Z
787bd585-1d2c-46f6-a30f-faa8c5c14d62,usr_hsct00052,Page Viewed,2026-03-29T10:00:00Z,2026-04-13T15:55:22Z
0d2ff85e-6f29-46a6-8513-5feb9e01519e,usr_hsct00081,Page Viewed,2026-03-29T10:00:00Z,2026-04-13T15:55:22Z
ee3314e7-abca-4687-9242-6f5f0a65749f,usr_hsct00047,Pricing Visited,2026-03-29T10:00:00Z,2026-04-13T15:55:22Z
385a9c87-a8f8-4ca0-822c-6dc9ce593946,usr_hsct00011,Pricing Visited,2026-03-29T10:00:00Z,2026-04-13T15:55:22Z
2f5a40e6-223e-4be3-a594-cf7fc39f4e46,usr_hsct00098,Pricing Visited,2026-03-29T10:00:00Z,2026-04-13T15:55:22Z
257bb41f-8b7f-4935-80c7-092f277dfbc9,usr_hsct00083,Page Viewed,2026-03-29T10:00:00Z,2026-04-13T15:55:22Z
38535201-12e2-4c41-b1b0-6bf41227dd47,usr_hsct00023,Page Viewed,2026-03-29T10:00:00Z,2026-04-13T15:55:22Z
47c2ee9c-3710-4651-a283-067509560530,usr_hsct00050,Page Viewed,2026-03-29T10:00:00Z,2026-04-13T15:55:22Z
cc212937-fe3b-4146-851d-a474fa15ac75,usr_hsct00039,Pricing Visited,2026-03-29T10:00:00Z,2026-04-13T15:55:22Z
de411be0-e5cd-4d6d-befd-d1e1fd8e0ed3,usr_hsct00014,Pricing Visited,2026-03-30T10:00:00Z,2026-04-13T15:55:22Z
94acaa9c-5fc1-4e8d-b504-a8d75c7dd7b8,usr_hsct00063,Page Viewed,2026-03-30T10:00:00Z,2026-04-13T15:55:22Z
f52572fc-2d3a-4be2-bcec-9dfdf26d40b3,usr_hsct00081,Pricing Visited,2026-03-30T10:00:00Z,2026-04-13T15:55:22Z
65ffe2a6-8859-4d8d-a43f-8df2969e9419,usr_hsct00095,Page Viewed,2026-03-30T10:00:00Z,2026-04-13T15:55:22Z
bdf0886b-da8d-4a49-9c99-c00c5cacae9d,usr_hsct00018,Page Viewed,2026-03-30T10:00:00Z,2026-04-13T15:55:22Z
00fd1ee9-b467-48f0-9b58-02297973230b,usr_hsct00025,Page Viewed,2026-03-30T10:00:00Z,2026-04-13T15:55:22Z
abb5267a-abe8-41c4-8940-f26426a9c61c,usr_hsct00093,Page Viewed,2026-03-30T10:00:00Z,2026-04-13T15:55:22Z
1e917eaf-5ea1-4075-84c6-38702684f4bd,usr_hsct00063,Pricing Visited,2026-03-30T10:00:00Z,2026-04-13T15:55:22Z
e8e23004-9ccb-4f6c-96b2-f79dae7293ed,usr_hsct00009,Pricing Visited,2026-03-30T10:00:00Z,2026-04-13T15:55:22Z
f158de7c-9882-4a49-8cf6-613dbf49440a,usr_hsct00064,Pricing Visited,2026-03-30T10:00:00Z,2026-04-13T15:55:22Z
be45fba2-e0a1-4291-9726-15caf6c1283a,usr_hsct00003,Page Viewed,2026-03-31T10:00:00Z,2026-04-13T15:55:22Z
c272e24c-f24a-419a-b2ea-fc835c5983f9,usr_hsct00044,Page Viewed,2026-03-31T10:00:00Z,2026-04-13T15:55:22Z
e02cb687-e6a0-42ad-ada8-5f7af69a31c9,usr_hsct00044,Page Viewed,2026-03-31T10:00:00Z,2026-04-13T15:55:22Z
71e4f289-c1b9-424b-87e3-7af9a5499c81,usr_hsct00052,Page Viewed,2026-03-31T10:00:00Z,2026-04-13T15:55:22Z
c16c2b7f-9499-4d85-b9f1-cc6dbee91e3d,usr_hsct00028,Pricing Visited,2026-03-31T10:00:00Z,2026-04-13T15:55:22Z
5f0d25ac-a7cd-48e9-aeed-cdce4793aa34,usr_hsct00087,Page Viewed,2026-03-31T10:00:00Z,2026-04-13T15:55:22Z
c103816e-eece-44a2-be5f-56f83c2d4007,usr_hsct00095,Page Viewed,2026-03-31T10:00:00Z,2026-04-13T15:55:22Z
a93f3a2f-6e82-4405-aa05-630dd8f233c0,usr_hsct00010,Page Viewed,2026-03-31T10:00:00Z,2026-04-13T15:55:22Z
ff26645c-6ead-435e-b4a3-0bcb41dd739e,usr_hsct00095,Page Viewed,2026-03-31T10:00:00Z,2026-04-13T15:55:22Z
ea9e04ce-03b5-42c6-a395-deb296d71077,usr_hsct00063,Page Viewed,2026-03-31T10:00:00Z,2026-04-13T15:55:22Z
